time,longitude,latitude,pressure,height,temperature,dewpoint,ice_point_temperature,relative_humidity,humidity_wrt_ice,mixing_ratio,direction,speed,u_wind,v_wind,station
2026-08-03 23:10:00,-90.58,41.61,988.0,229.0,28.2,18.2,18.2,55,55,13.42,90.0,2.6,-2.6,-1.5920408388915593e-16,DVN
2026-08-03 23:10:00,-90.58,41.61,979.5,305.0,27.3,17.9,17.9,57,57,13.29,80.0,3.6,-3.545307910843949,-0.6251334396009495,DVN
2026-08-03 23:10:00,-90.58,41.61,945.9,610.0,23.4,16.7,16.7,66,66,12.78,85.0,3.1,-3.088203564084411,-0.27018280251774024,DVN
2026-08-03 23:10:00,-90.58,41.61,925.0,806.0,21.0,16.0,16.0,73,73,12.45,115.0,3.6,-3.2627080333319403,1.5214257422665176,DVN
2026-08-03 23:10:00,-90.58,41.61,913.4,914.0,20.0,15.5,15.5,75,75,12.22,125.0,4.1,-3.3585233815848654,2.351663389039289,DVN
2026-08-03 23:10:00,-90.58,41.61,881.5,1219.0,17.2,14.1,14.1,82,82,11.56,180.0,3.6,-4.4087284769304716e-16,3.6,DVN
2026-08-03 23:10:00,-90.58,41.61,850.7,1524.0,14.5,12.7,12.7,89,89,10.94,170.0,4.6,-0.7987816172678792,4.530115663856156,DVN
2026-08-03 23:10:00,-90.58,41.61,850.0,1531.0,14.4,12.7,12.7,90,90,10.92,175.0,4.1,-0.35733854526539854,4.0843982621761565,DVN
2026-08-03 23:10:00,-90.58,41.61,837.0,1661.0,13.2,12.1,12.1,93,93,10.66,179.0,4.1,-0.0715548663928621,4.099375550141204,DVN
2026-08-03 23:10:00,-90.58,41.61,830.0,1732.0,12.6,11.1,11.1,91,91,10.05,182.0,4.1,0.14308793648025367,4.097502390778292,DVN
2026-08-03 23:10:00,-90.58,41.61,820.6,1829.0,15.2,8.4,8.4,64,64,8.46,185.0,4.1,0.35733854526539754,4.0843982621761565,DVN
2026-08-03 23:10:00,-90.58,41.61,815.0,1887.0,16.8,6.8,6.8,52,52,7.63,190.0,3.8,0.6598630751343357,3.7422694614463903,DVN
2026-08-03 23:10:00,-90.58,41.61,798.0,2066.0,16.4,-12.6,-11.2,12,12,1.82,204.0,2.9,1.1795362649198207,2.6492818271635423,DVN
2026-08-03 23:10:00,-90.58,41.61,791.6,2134.0,16.1,-12.5,-11.1,13,13,1.85,210.0,2.6,1.3000000000000003,2.25166604983954,DVN
2026-08-03 23:10:00,-90.58,41.61,763.6,2438.0,14.6,-11.8,-10.5,15,15,2.02,175.0,3.6,-0.31376067389156953,3.586300913130284,DVN
2026-08-03 23:10:00,-90.58,41.61,746.0,2635.0,13.6,-11.4,-10.2,16,16,2.14,181.0,3.3,0.057592941243035996,3.299497394016091,DVN
2026-08-03 23:10:00,-90.58,41.61,736.5,2743.0,13.4,-13.5,-12.0,14,14,1.83,185.0,3.1,0.27018280251773963,3.088203564084411,DVN
2026-08-03 23:10:00,-90.58,41.61,736.0,2749.0,13.4,-13.6,-12.1,14,14,1.82,185.0,3.1,0.27018280251773963,3.088203564084411,DVN
2026-08-03 23:10:00,-90.58,41.61,729.0,2829.0,13.6,-15.4,-13.8,12,12,1.58,184.0,2.9,0.2022937738579633,2.89293574575349,DVN
2026-08-03 23:10:00,-90.58,41.61,722.0,2910.0,13.4,-17.6,-15.8,10,10,1.33,182.0,2.8,0.09771859076700251,2.798294315653468,DVN
2026-08-03 23:10:00,-90.58,41.61,710.2,3048.0,13.6,-22.3,-20.1,7,7,0.9,180.0,2.6,-3.1840816777831187e-16,2.6,DVN
2026-08-03 23:10:00,-90.58,41.61,710.0,3051.0,13.6,-22.4,-20.1,7,7,0.89,180.0,2.6,-3.1840816777831187e-16,2.6,DVN
2026-08-03 23:10:00,-90.58,41.61,700.0,3170.0,13.0,-24.0,-21.6,6,6,0.79,175.0,2.6,-0.2266049311439113,2.5901062150385386,DVN
2026-08-03 23:10:00,-90.58,41.61,688.0,3315.0,12.2,-24.8,-22.3,6,6,0.74,141.0,2.3,-1.4474368994146258,1.7874357113510329,DVN
2026-08-03 23:10:00,-90.58,41.61,669.0,3549.0,11.0,-22.0,-19.8,8,8,0.98,86.0,1.8,-1.7956152904676836,-0.12556165273942543,DVN
2026-08-03 23:10:00,-90.58,41.61,663.0,3624.0,10.6,-23.4,-21.1,7,7,0.88,68.0,1.6,-1.48349416730686,-0.5993705494654592,DVN
2026-08-03 23:10:00,-90.58,41.61,660.3,3658.0,10.3,-22.7,-20.4,8,8,0.94,60.0,1.5,-1.299038105676658,-0.7500000000000002,DVN
2026-08-03 23:10:00,-90.58,41.61,636.4,3962.0,7.6,-16.4,-14.7,16,16,1.67,95.0,2.1,-2.092008865992666,0.1830270597700823,DVN
2026-08-03 23:10:00,-90.58,41.61,626.0,4098.0,6.4,-13.6,-12.1,22,22,2.14,104.0,2.3,-2.2316801704347915,0.5564203598792359,DVN
2026-08-03 23:10:00,-90.58,41.61,613.2,4267.0,4.9,-15.8,-14.2,21,21,1.81,115.0,2.6,-2.35640024629529,1.0988074805258183,DVN
2026-08-03 23:10:00,-90.58,41.61,609.0,4323.0,4.4,-16.6,-14.9,20,20,1.72,118.0,2.3,-2.0307794635755316,1.079784594407549,DVN
2026-08-03 23:10:00,-90.58,41.61,593.0,4539.0,2.2,-16.8,-15.0,23,23,1.73,128.0,1.2,-0.9456129043280663,0.73879377039079,DVN
2026-08-03 23:10:00,-90.58,41.61,590.6,4572.0,2.0,-17.5,-15.7,22,22,1.64,130.0,1.0,-0.766044443118978,0.6427876096865394,DVN
2026-08-03 23:10:00,-90.58,41.61,578.0,4746.0,0.8,-21.2,-19.0,17,17,1.22,73.0,0.7,-0.6694133291741248,-0.20466019330591573,DVN
2026-08-03 23:10:00,-90.58,41.61,568.6,4877.0,-0.0,-22.0,-19.8,17,17,1.16,30.0,0.5,-0.24999999999999997,-0.43301270189221935,DVN
2026-08-03 23:10:00,-90.58,41.61,556.0,5057.0,-1.1,-23.1,-20.8,17,17,1.07,80.0,0.5,-0.492403876506104,-0.08682408883346521,DVN
2026-08-03 23:10:00,-90.58,41.61,547.3,5182.0,-0.6,-27.8,-25.1,11,11,0.71,115.0,0.5,-0.453153893518325,0.21130913087034967,DVN
2026-08-03 23:10:00,-90.58,41.61,546.0,5202.0,-0.5,-28.5,-25.8,10,10,0.67,117.0,0.6,-0.5346039145130207,0.27239429984372804,DVN
2026-08-03 23:10:00,-90.58,41.61,529.0,5454.0,-1.7,-29.7,-26.9,10,10,0.62,142.0,1.4,-0.8619260654559218,1.1032150550494106,DVN
2026-08-03 23:10:00,-90.58,41.61,526.9,5486.0,-1.9,-29.7,-26.9,10,10,0.62,145.0,1.5,-0.8603646545265689,1.2287280664334879,DVN
2026-08-03 23:10:00,-90.58,41.61,506.9,5791.0,-4.1,-29.9,-27.0,11,12,0.63,280.0,3.1,3.0529040343378453,-0.5383093507674829,DVN
2026-08-03 23:10:00,-90.58,41.61,500.0,5900.0,-4.9,-29.9,-27.1,12,13,0.64,280.0,3.1,3.0529040343378453,-0.5383093507674829,DVN
2026-08-03 23:10:00,-90.58,41.61,499.0,5916.0,-4.9,-29.9,-27.1,12,13,0.64,279.0,3.0,2.9630650217854133,-0.469303395120692,DVN
2026-08-03 23:10:00,-90.58,41.61,487.6,6096.0,-6.6,-29.1,-26.3,15,16,0.71,265.0,2.1,2.092008865992666,0.18302705977008232,DVN
2026-08-03 23:10:00,-90.58,41.61,476.0,6284.0,-8.3,-28.3,-25.6,18,20,0.78,259.0,1.7,1.6687662118610287,0.32437529214012584,DVN
2026-08-03 23:10:00,-90.58,41.61,468.9,6401.0,-9.1,-29.9,-27.0,17,18,0.68,255.0,1.5,1.4488887394336025,0.38822856765378094,DVN
2026-08-03 23:10:00,-90.58,41.61,467.0,6432.0,-9.3,-30.3,-27.4,16,18,0.66,260.0,1.7,1.6741731801207536,0.29520190203378155,DVN
2026-08-03 23:10:00,-90.58,41.61,456.0,6616.0,-10.5,-26.5,-23.9,26,28,0.96,287.0,2.6,2.4863923655038924,-0.7601664322791155,DVN
2026-08-03 23:10:00,-90.58,41.61,450.7,6706.0,-11.1,-29.0,-26.2,21,24,0.78,300.0,3.1,2.68467875173176,-1.5500000000000005,DVN
2026-08-03 23:10:00,-90.58,41.61,439.0,6907.0,-12.5,-34.5,-31.3,14,16,0.47,313.0,3.1,2.267196475019428,-2.114194916193746,DVN
2026-08-03 23:10:00,-90.58,41.61,433.1,7010.0,-13.3,-33.7,-30.6,16,19,0.52,320.0,3.1,1.9926415900282728,-2.3747377736688313,DVN
2026-08-03 23:10:00,-90.58,41.61,421.0,7225.0,-14.9,-31.9,-28.9,22,26,0.63,334.0,4.9,2.148018619266481,-4.404090826865918,DVN
2026-08-03 23:10:00,-90.58,41.61,416.0,7315.0,-15.6,-33.1,-30.0,21,24,0.57,340.0,5.7,1.949514816956311,-5.356247938479679,DVN
2026-08-03 23:10:00,-90.58,41.61,410.0,7425.0,-16.5,-34.5,-31.3,20,23,0.5,334.0,4.9,2.148018619266481,-4.404090826865918,DVN
2026-08-03 23:10:00,-90.58,41.61,400.0,7610.0,-17.7,-31.7,-28.7,28,34,0.67,325.0,3.6,2.0648751708637674,-2.94894735944037,DVN
2026-08-03 23:10:00,-90.58,41.61,399.5,7620.0,-17.8,-31.7,-28.7,29,34,0.68,340.0,4.1,1.4022825876352412,-3.852739745222224,DVN
2026-08-03 23:10:00,-90.58,41.61,383.4,7925.0,-20.3,-30.7,-27.8,39,47,0.78,320.0,2.6,1.671247785185003,-1.9917155521093424,DVN
2026-08-03 23:10:00,-90.58,41.61,377.0,8049.0,-21.3,-30.3,-27.4,44,54,0.82,322.0,3.3,2.0316828685746717,-2.600435486902183,DVN
2026-08-03 23:10:00,-90.58,41.61,352.7,8534.0,-24.9,-35.6,-32.4,37,47,0.52,330.0,6.2,3.1000000000000028,-5.369357503463518,DVN
2026-08-03 23:10:00,-90.58,41.61,338.2,8839.0,-27.2,-38.9,-35.5,32,42,0.39,310.0,8.2,6.28156443357562,-5.270858399429621,DVN
2026-08-03 23:10:00,-90.58,41.61,334.0,8930.0,-27.9,-39.9,-36.4,31,41,0.36,310.0,8.1,6.204959989263722,-5.206579638460967,DVN
2026-08-03 23:10:00,-90.58,41.61,324.1,9144.0,-29.5,-40.6,-37.1,33,45,0.34,310.0,7.7,5.898542212016132,-4.9494645945863525,DVN
2026-08-03 23:10:00,-90.58,41.61,323.0,9169.0,-29.7,-40.7,-37.2,34,45,0.34,310.0,7.8,5.975146656328029,-5.013743355555006,DVN
2026-08-03 23:10:00,-90.58,41.61,315.0,9347.0,-31.5,-43.5,-39.8,30,40,0.26,310.0,8.4,6.434773322199416,-5.39941592136693,DVN
2026-08-03 23:10:00,-90.58,41.61,310.5,9449.0,-32.3,-43.7,-40.0,31,43,0.26,310.0,8.8,6.741191099447008,-5.656530965241546,DVN
2026-08-03 23:10:00,-90.58,41.61,300.0,9690.0,-34.1,-44.1,-40.4,36,50,0.26,315.0,16.0,11.313708498984763,-11.313708498984758,DVN
2026-08-03 23:10:00,-90.58,41.61,297.3,9754.0,-34.7,-44.3,-40.5,37,53,0.25,315.0,15.4,10.889444430272835,-10.88944443027283,DVN
2026-08-03 23:10:00,-90.58,41.61,294.0,9831.0,-35.5,-44.5,-40.8,39,56,0.25,314.0,15.8,11.365568845350689,-10.975602253252157,DVN
2026-08-03 23:10:00,-90.58,41.61,284.5,10058.0,-37.1,-47.7,-43.7,33,47,0.18,310.0,17.0,13.022755533022629,-10.927389364671168,DVN
2026-08-03 23:10:00,-90.58,41.61,282.0,10119.0,-37.5,-48.5,-44.6,31,45,0.17,308.0,16.1,12.686973133068221,-9.912149752743103,DVN
2026-08-03 23:10:00,-90.58,41.61,272.1,10363.0,-38.8,-51.5,-47.4,25,37,0.12,300.0,12.4,10.73871500692704,-6.200000000000002,DVN
2026-08-03 23:10:00,-90.58,41.61,260.3,10668.0,-40.5,-55.3,-51.1,19,28,0.08,315.0,12.4,8.768124086713192,-8.768124086713188,DVN
2026-08-03 23:10:00,-90.58,41.61,259.0,10701.0,-40.7,-55.7,-51.5,19,28,0.08,316.0,12.0,8.33590044550797,-8.63207760406381,DVN
2026-08-03 23:10:00,-90.58,41.61,250.0,10940.0,-43.1,-57.1,-52.8,20,31,0.07,320.0,9.3,5.977924770084819,-7.124213321006494,DVN
2026-08-03 23:10:00,-90.58,41.61,248.8,10973.0,-43.4,-57.2,-52.9,20,31,0.07,320.0,10.3,6.6207123797713585,-7.890257764125471,DVN
2026-08-03 23:10:00,-90.58,41.61,237.7,11278.0,-45.8,-58.6,-54.2,23,35,0.06,325.0,9.8,5.621049076240256,-8.027690034032117,DVN
2026-08-03 23:10:00,-90.58,41.61,230.0,11497.0,-47.5,-59.5,-55.1,24,39,0.06,321.0,11.3,7.111320418863168,-8.781749364463767,DVN
2026-08-03 23:10:00,-90.58,41.61,227.0,11582.0,-48.1,-59.8,-55.4,25,40,0.05,320.0,11.8,7.584893794301167,-9.039324428803939,DVN
2026-08-03 23:10:00,-90.58,41.61,216.7,11887.0,-50.1,-60.8,-56.4,28,45,0.05,320.0,11.8,7.584893794301167,-9.039324428803939,DVN
2026-08-03 23:10:00,-90.58,41.61,210.0,12094.0,-51.5,-61.5,-57.1,30,49,0.05,323.0,12.5,7.522687789400603,-9.982943875591161,DVN
2026-08-03 23:10:00,-90.58,41.61,206.8,12192.0,-51.8,-62.3,-57.9,28,46,0.04,325.0,12.9,7.3991360289285,-10.567061371327991,DVN
2026-08-03 23:10:00,-90.58,41.61,204.0,12282.0,-52.1,-63.1,-58.6,26,43,0.04,323.0,15.6,9.388314361171952,-12.458713956737768,DVN
2026-08-03 23:10:00,-90.58,41.61,200.0,12410.0,-52.9,-63.9,-59.4,26,43,0.04,320.0,19.6,12.598637149856177,-15.014471085131966,DVN
2026-08-03 23:10:00,-90.58,41.61,197.3,12497.0,-53.3,-64.3,-59.8,25,43,0.03,320.0,19.6,12.598637149856177,-15.014471085131966,DVN
2026-08-03 23:10:00,-90.58,41.61,195.0,12573.0,-53.7,-64.7,-60.2,25,43,0.03,320.0,20.1,12.920030954699447,-15.397493306691455,DVN
2026-08-03 23:10:00,-90.58,41.61,188.1,12802.0,-54.8,-65.0,-60.5,28,47,0.03,320.0,21.6,13.884212369229257,-16.54655997136992,DVN
2026-08-03 23:10:00,-90.58,41.61,186.0,12874.0,-55.1,-65.1,-60.6,28,48,0.03,320.0,21.9,14.077048652135216,-16.77637330430561,DVN
2026-08-03 23:10:00,-90.58,41.61,183.0,12978.0,-55.7,-66.7,-62.1,25,42,0.03,320.0,22.2,14.269884935041178,-17.006186637241306,DVN
2026-08-03 23:10:00,-90.58,41.61,179.3,13106.0,-56.1,-67.1,-62.5,24,42,0.03,320.0,22.6,14.526999978915796,-17.3126044144889,DVN
2026-08-03 23:10:00,-90.58,41.61,179.0,13118.0,-56.1,-67.1,-62.5,24,42,0.03,320.0,22.6,14.526999978915796,-17.3126044144889,DVN
2026-08-03 23:10:00,-90.58,41.61,170.9,13411.0,-57.0,-68.0,-63.4,24,42,0.02,315.0,21.1,14.919953083036157,-14.91995308303615,DVN
2026-08-03 23:10:00,-90.58,41.61,162.8,13716.0,-57.9,-68.9,-64.3,24,42,0.02,310.0,23.2,17.772231080360292,-14.91267254472771,DVN
2026-08-03 23:10:00,-90.58,41.61,155.1,14021.0,-58.8,-69.8,-65.2,23,41,0.02,310.0,22.6,17.312604414488906,-14.526999978915788,DVN
2026-08-03 23:10:00,-90.58,41.61,151.0,14189.0,-59.3,-70.3,-65.7,23,41,0.02,314.0,18.5,13.307786306265047,-12.851179853491448,DVN
2026-08-03 23:10:00,-90.58,41.61,150.0,14230.0,-59.5,-70.5,-65.9,23,41,0.02,315.0,17.5,12.374368670764584,-12.374368670764579,DVN
2026-08-03 23:10:00,-90.58,41.61,147.7,14326.0,-59.8,-70.7,-66.1,23,42,0.02,315.0,18.5,13.081475451951132,-13.081475451951126,DVN
2026-08-03 23:10:00,-90.58,41.61,140.6,14630.0,-60.8,-71.4,-66.7,24,44,0.02,320.0,16.0,10.284601754984633,-12.256711089903645,DVN
2026-08-03 23:10:00,-90.58,41.61,133.9,14935.0,-61.8,-72.0,-67.3,25,45,0.02,310.0,12.9,9.881973316234818,-8.291960164956357,DVN
2026-08-03 23:10:00,-90.58,41.61,129.0,15165.0,-62.5,-72.5,-67.8,26,47,0.02,302.0,13.6,11.533454107727396,-7.2069019935715835,DVN
2026-08-03 23:10:00,-90.58,41.61,127.4,15240.0,-62.8,-72.8,-68.1,25,47,0.02,300.0,13.9,12.037753112603697,-6.950000000000002,DVN
2026-08-03 23:10:00,-90.58,41.61,124.0,15408.0,-63.5,-73.5,-68.8,25,47,0.02,286.0,13.3,12.78478055597964,-3.665976832366092,DVN
2026-08-03 23:10:00,-90.58,41.61,121.2,15545.0,-64.3,-74.3,-69.6,25,46,0.01,275.0,12.9,12.850911605383518,-1.1243090814447867,DVN
2026-08-03 23:10:00,-90.58,41.61,118.0,15710.0,-65.3,-75.3,-70.6,25,46,0.01,270.0,16.5,16.5,3.031000827889699e-15,DVN
2026-08-03 23:10:00,-90.58,41.61,117.0,15762.0,-65.3,-75.3,-70.6,25,46,0.01,270.0,16.3,16.3,2.9942614239152784e-15,DVN
2026-08-03 23:10:00,-90.58,41.61,115.3,15850.0,-65.0,-75.0,-70.3,25,46,0.01,270.0,16.0,16.0,2.9391523179536475e-15,DVN
2026-08-03 23:10:00,-90.58,41.61,110.0,16138.0,-63.9,-73.9,-69.2,25,47,0.02,279.0,17.9,17.679621296652964,-2.800176924220129,DVN
2026-08-03 23:10:00,-90.58,41.61,109.7,16154.0,-63.9,-73.9,-69.2,25,47,0.02,280.0,18.0,17.726539554219748,-3.1256671980047397,DVN
2026-08-03 23:10:00,-90.58,41.61,107.0,16307.0,-64.1,-74.1,-69.4,25,46,0.02,295.0,15.7,14.229032256475401,-6.6351067093289835,DVN
2026-08-03 23:10:00,-90.58,41.61,105.0,16422.0,-64.3,-74.3,-69.6,25,46,0.02,306.0,13.9,11.24533622181177,-8.170215006865373,DVN
2026-08-03 23:10:00,-90.58,41.61,104.4,16459.0,-64.2,-74.2,-69.5,25,46,0.02,310.0,13.4,10.264995537794308,-8.613353969799626,DVN
2026-08-03 23:10:00,-90.58,41.61,104.0,16480.0,-64.1,-74.1,-69.4,25,46,0.02,310.0,13.2,10.111786649170512,-8.484796447862317,DVN
2026-08-03 23:10:00,-90.58,41.61,101.0,16659.0,-63.7,-73.7,-69.0,25,47,0.02,314.0,11.4,8.200473723860624,-7.919105423232569,DVN
2026-08-03 23:10:00,-90.58,41.61,100.0,16720.0,-63.7,-73.7,-69.0,25,47,0.02,315.0,10.8,7.636753236814715,-7.6367532368147115,DVN
2026-08-03 23:10:00,-90.58,41.61,99.3,16764.0,-63.6,-73.6,-68.9,25,47,0.02,325.0,12.9,7.3991360289285,-10.567061371327991,DVN
2026-08-03 23:10:00,-90.58,41.61,98.0,16844.0,-63.4,-73.4,-68.7,25,47,0.02,325.0,9.3,5.334260858064733,-7.618114011887622,DVN
2026-08-03 23:10:00,-90.58,41.61,94.5,17067.0,-62.9,-72.9,-68.2,25,47,0.02,305.0,6.5,5.324488287878447,-3.7282468362817993,DVN
2026-08-03 23:10:00,-90.58,41.61,91.0,17300.0,-61.9,-72.6,-67.9,23,42,0.02,285.0,3.6,3.4773329746406465,-0.9317485623690731,DVN
2026-08-03 23:10:00,-90.58,41.61,89.6,17396.0,-61.5,-72.5,-67.8,22,41,0.02,285.0,2.9,2.8011848962382984,-0.7505752307973088,DVN
2026-08-03 23:10:00,-90.58,41.61,89.0,17438.0,-61.5,-72.5,-67.8,22,41,0.03,285.0,2.6,2.511407148351578,-0.6729295172665528,DVN
2026-08-03 23:10:00,-90.58,41.61,88.0,17508.0,-61.4,-72.4,-67.8,23,41,0.03,290.0,3.6,3.38289343482927,-1.2312725159724085,DVN
2026-08-03 23:10:00,-90.58,41.61,86.0,17650.0,-61.3,-72.3,-67.7,23,41,0.03,325.0,2.6,1.4912987345127209,-2.129795315151378,DVN
2026-08-03 23:10:00,-90.58,41.61,85.3,17701.0,-61.3,-72.3,-67.6,23,41,0.03,3.0,2.6,-0.13607348623165397,-2.596436790361892,DVN
2026-08-03 23:10:00,-90.58,41.61,85.0,17723.0,-61.3,-72.3,-67.7,23,41,0.03,20.0,2.6,-0.8892523726467387,-2.443200814043362,DVN
2026-08-03 23:10:00,-90.58,41.61,83.6,17825.0,-61.5,-72.5,-67.8,22,41,0.03,38.0,3.0,-1.846984425976975,-2.364032260820166,DVN
2026-08-03 23:10:00,-90.58,41.61,83.2,17855.0,-61.5,-72.5,-67.8,22,41,0.03,44.0,3.2,-2.2229067854687914,-2.301887361083684,DVN
2026-08-03 23:10:00,-90.58,41.61,82.3,17923.0,-61.5,-72.5,-67.8,22,41,0.03,56.0,3.5,-2.901631503942646,-1.957175162147614,DVN
2026-08-03 23:10:00,-90.58,41.61,82.0,17945.0,-61.5,-72.5,-67.8,22,41,0.03,60.0,3.6,-3.117691453623979,-1.8000000000000005,DVN
2026-08-03 23:10:00,-90.58,41.61,81.0,18021.0,-61.3,-72.3,-67.6,23,41,0.03,55.0,2.6,-2.129795315151379,-1.4912987345127198,DVN
2026-08-03 23:10:00,-90.58,41.61,80.0,18098.0,-61.2,-72.2,-67.5,23,41,0.03,45.0,3.1,-2.192031021678297,-2.1920310216782974,DVN
2026-08-03 23:10:00,-90.58,41.61,79.6,18129.0,-61.1,-72.1,-67.4,23,41,0.03,54.0,3.3,-2.6697560814373262,-1.9396913325651612,DVN
2026-08-03 23:10:00,-90.58,41.61,77.0,18336.0,-60.6,-72.0,-67.4,21,39,0.03,110.0,4.6,-4.3225860556151785,1.573292659298076,DVN
2026-08-03 23:10:00,-90.58,41.61,75.0,18500.0,-60.2,-71.9,-67.3,21,37,0.03,205.0,1.5,0.6339273926110489,1.359461680554975,DVN
2026-08-03 23:10:00,-90.58,41.61,73.6,18617.0,-59.9,-71.9,-67.2,20,36,0.03,163.0,1.9,-0.5555062389731995,1.8169790363297675,DVN
2026-08-03 23:10:00,-90.58,41.61,73.2,18651.0,-59.9,-71.9,-67.2,20,36,0.03,151.0,2.0,-0.9696192404926743,1.7492394142787915,DVN
2026-08-03 23:10:00,-90.58,41.61,73.0,18668.0,-59.9,-71.9,-67.2,20,36,0.03,145.0,2.1,-1.2045105163371965,1.7202192930068831,DVN
2026-08-03 23:10:00,-90.58,41.61,71.0,18841.0,-59.8,-71.8,-67.1,20,36,0.03,190.0,5.2,0.9029705238680384,5.121000315663482,DVN
2026-08-03 23:10:00,-90.58,41.61,70.0,18930.0,-59.7,-71.7,-67.0,20,36,0.04,220.0,3.6,2.3140353948715413,2.7577599952283207,DVN
2026-08-03 23:10:00,-90.58,41.61,69.6,18966.0,-59.5,-71.5,-66.8,20,36,0.04,225.0,3.4,2.4041630560342613,2.404163056034262,DVN
2026-08-03 23:10:00,-90.58,41.61,67.3,19177.0,-58.9,-70.9,-66.3,20,36,0.04,255.0,2.5,2.4148145657226707,0.6470476127563016,DVN
2026-08-03 23:10:00,-90.58,41.61,65.9,19309.0,-58.5,-70.5,-65.9,20,36,0.05,273.0,1.9,1.8973961160336903,-0.09943831686159349,DVN
2026-08-03 23:10:00,-90.58,41.61,65.0,19395.0,-58.4,-70.4,-65.8,21,36,0.05,285.0,1.5,1.4488887394336025,-0.38822856765378044,DVN
2026-08-03 23:10:00,-90.58,41.61,64.0,19493.0,-58.3,-70.3,-65.7,21,36,0.05,120.0,2.1,-1.8186533479473213,1.0499999999999996,DVN
2026-08-03 23:10:00,-90.58,41.61,63.0,19592.0,-58.5,-70.5,-65.9,20,36,0.05,140.0,4.6,-2.9568230045580814,3.523804438347298,DVN
2026-08-03 23:10:00,-90.58,41.61,62.3,19662.0,-58.5,-70.5,-65.9,20,36,0.05,154.0,3.6,-1.5781361284406783,3.2356585666770012,DVN
2026-08-03 23:10:00,-90.58,41.61,62.0,19693.0,-58.5,-70.5,-65.9,20,36,0.05,160.0,3.1,-1.0602624443095736,2.913047124436316,DVN
2026-08-03 23:10:00,-90.58,41.61,61.0,19795.0,-58.7,-70.7,-66.1,20,36,0.05,175.0,3.8,-0.3311918224411011,3.785539852748633,DVN
2026-08-03 23:10:00,-90.58,41.61,59.6,19941.0,-58.7,-70.7,-66.1,20,36,0.05,196.0,4.7,1.2954955723398953,4.517929970910099,DVN
2026-08-03 23:10:00,-90.58,41.61,59.0,20004.0,-58.8,-70.8,-66.1,20,36,0.05,205.0,5.2,2.1976149610516362,4.71280049259058,DVN
2026-08-03 23:10:00,-90.58,41.61,58.0,20112.0,-58.9,-70.9,-66.3,20,36,0.05,240.0,4.0,3.4641016151377535,2.0000000000000018,DVN
2026-08-03 23:10:00,-90.58,41.61,55.0,20447.0,-57.4,-70.1,-65.5,19,33,0.06,350.0,0.5,0.0868240888334652,-0.492403876506104,DVN
2026-08-03 23:10:00,-90.58,41.61,54.1,20551.0,-56.9,-69.9,-65.3,18,32,0.06,66.0,2.4,-2.192509098342242,-0.9761679433819205,DVN
2026-08-03 23:10:00,-90.58,41.61,54.0,20563.0,-56.9,-69.9,-65.3,18,32,0.06,75.0,2.6,-2.511407148351578,-0.6729295172665539,DVN
2026-08-03 23:10:00,-90.58,41.61,52.0,20802.0,-57.2,-70.2,-65.6,18,32,0.06,130.0,5.2,-3.9834311042186856,3.342495570370005,DVN
2026-08-03 23:10:00,-90.58,41.61,51.6,20850.0,-57.3,-70.3,-65.7,18,32,0.06,158.0,4.6,-1.723190329713196,4.265045731007222,DVN
2026-08-03 23:10:00,-90.58,41.61,50.0,21050.0,-56.7,-69.7,-65.1,18,32,0.07,270.0,2.6,2.6,4.776122516674677e-16,DVN
2026-08-03 23:10:00,-90.58,41.61,49.1,21165.0,-56.3,-69.3,-64.7,18,32,0.07,346.0,3.5,0.8467266345988376,-3.3960350419659875,DVN
2026-08-03 23:10:00,-90.58,41.61,49.0,21178.0,-56.3,-69.3,-64.7,18,32,0.07,355.0,3.6,0.31376067389157,-3.586300913130284,DVN
2026-08-03 23:10:00,-90.58,41.61,48.0,21309.0,-56.2,-69.2,-64.5,19,32,0.07,30.0,5.2,-2.5999999999999996,-4.503332099679081,DVN
2026-08-03 23:10:00,-90.58,41.61,47.5,21376.0,-56.1,-69.1,-64.5,19,32,0.08,47.0,6.7,-4.900069800848442,-4.56938901241874,DVN
2026-08-03 23:10:00,-90.58,41.61,47.0,21444.0,-56.0,-69.1,-64.4,18,32,0.08,65.0,8.2,-7.431723853700529,-3.465469746273735,DVN
2026-08-03 23:10:00,-90.58,41.61,45.0,21721.0,-55.4,-68.9,-64.3,17,30,0.08,90.0,6.2,-6.2,-3.796405077356795e-16,DVN
2026-08-03 23:10:00,-90.58,41.61,44.0,21865.0,-55.0,-68.8,-64.2,17,29,0.09,70.0,4.1,-3.8527397452222236,-1.402282587635242,DVN
2026-08-03 23:10:00,-90.58,41.61,43.0,22011.0,-54.7,-68.7,-64.1,17,28,0.09,85.0,7.2,-7.172601826260568,-0.6275213477831386,DVN
2026-08-03 23:10:00,-90.58,41.61,42.9,22026.0,-54.7,-68.7,-64.1,17,28,0.09,85.0,7.3,-7.272221296069742,-0.6362369220579044,DVN
2026-08-03 23:10:00,-90.58,41.61,42.0,22162.0,-54.5,-68.5,-63.9,17,28,0.09,80.0,7.7,-7.583019698194002,-1.3370909680353642,DVN
2026-08-03 23:10:00,-90.58,41.61,41.0,22317.0,-54.4,-68.4,-63.8,17,28,0.1,80.0,7.7,-7.583019698194002,-1.3370909680353642,DVN
2026-08-03 23:10:00,-90.58,41.61,40.7,22364.0,-54.3,-68.3,-63.7,17,28,0.1,79.0,7.4,-7.264041157512714,-1.4119865657864323,DVN
2026-08-03 23:10:00,-90.58,41.61,40.0,22475.0,-54.3,-67.3,-62.7,19,32,0.12,75.0,6.7,-6.471703036136758,-1.734087602186889,DVN
2026-08-03 23:10:00,-90.58,41.61,39.0,22638.0,-53.9,-67.1,-62.6,19,32,0.12,100.0,10.8,-10.635923732531847,1.8754003188028474,DVN
2026-08-03 23:10:00,-90.58,41.61,38.0,22805.0,-53.5,-66.9,-62.4,18,31,0.13,110.0,9.8,-9.208987683701903,3.3517974045915535,DVN
2026-08-03 23:10:00,-90.58,41.61,37.0,22977.0,-53.1,-66.8,-62.2,18,30,0.13,95.0,7.7,-7.670699175306441,0.6710992191569685,DVN
2026-08-03 23:10:00,-90.58,41.61,36.0,23154.0,-52.7,-66.6,-62.0,17,29,0.14,95.0,8.8,-8.766513343207361,0.7669705361793925,DVN
2026-08-03 23:10:00,-90.58,41.61,35.6,23226.0,-52.5,-66.5,-61.9,17,29,0.14,87.0,8.3,-8.288625138462963,-0.43438843681643496,DVN
2026-08-03 23:10:00,-90.58,41.61,35.0,23336.0,-52.2,-66.2,-61.6,17,29,0.15,75.0,7.7,-7.437628862425826,-1.9929066472894097,DVN
2026-08-03 23:10:00,-90.58,41.61,34.8,23373.0,-52.1,-66.1,-61.6,17,29,0.16,76.0,7.6,-7.3742475196975725,-1.8386064065574743,DVN
2026-08-03 23:10:00,-90.58,41.61,34.0,23524.0,-51.7,-66.1,-61.6,17,27,0.16,80.0,7.2,-7.090615821687898,-1.250266879201899,DVN
2026-08-03 23:10:00,-90.58,41.61,33.0,23718.0,-51.2,-66.1,-61.6,16,26,0.16,65.0,8.8,-7.97550852592252,-3.7190407033181554,DVN
2026-08-03 23:10:00,-90.58,41.61,32.8,23757.0,-51.1,-66.1,-61.6,15,25,0.17,66.0,9.1,-8.313263664547668,-3.701303451989782,DVN
2026-08-03 23:10:00,-90.58,41.61,31.6,24000.0,-50.3,-65.3,-60.8,16,26,0.19,75.0,10.9,-10.528591506550844,-2.821127591617476,DVN
2026-08-03 23:10:00,-90.58,41.61,31.3,24063.0,-50.1,-65.1,-60.6,16,26,0.2,78.0,11.4,-11.150882648365384,-2.3701932753224577,DVN
2026-08-03 23:10:00,-90.58,41.61,31.0,24126.0,-50.1,-65.1,-60.6,16,26,0.2,80.0,11.8,-11.620731485544056,-2.049048496469779,DVN
2026-08-03 23:10:00,-90.58,41.61,30.7,24189.0,-50.1,-65.1,-60.6,16,26,0.2,83.0,11.4,-11.315026128711072,-1.3893105148186815,DVN
2026-08-03 23:10:00,-90.58,41.61,30.0,24340.0,-50.3,-65.3,-60.8,16,26,0.2,90.0,10.3,-10.3,-6.30693101560887e-16,DVN
2026-08-03 23:10:00,-90.58,41.61,29.0,24561.0,-50.6,-64.9,-60.4,17,28,0.22,85.0,12.9,-12.850911605383518,-1.12430908144479,DVN
2026-08-03 23:10:00,-90.58,41.61,28.6,24651.0,-50.7,-64.7,-60.2,18,29,0.23,93.0,11.4,-11.384376696202143,0.5966299011695598,DVN
2026-08-03 23:10:00,-90.58,41.61,28.0,24789.0,-50.6,-64.6,-60.1,18,29,0.24,105.0,9.3,-8.983110184488336,2.407017119453444,DVN
2026-08-03 23:10:00,-90.58,41.61,27.0,25026.0,-50.5,-64.5,-60.0,18,29,0.25,95.0,11.3,-11.257000088436726,0.9848598930485382,DVN
2026-08-03 23:10:00,-90.58,41.61,26.9,25050.0,-50.5,-64.5,-60.0,18,29,0.25,96.0,11.0,-10.939740849051006,1.149813095944189,DVN
2026-08-03 23:10:00,-90.58,41.61,26.7,25099.0,-50.5,-64.5,-60.0,18,29,0.25,98.0,10.4,-10.298787914912332,1.4474002499846796,DVN
2026-08-03 23:10:00,-90.58,41.61,26.0,25272.0,-50.3,-64.5,-59.9,17,29,0.26,105.0,8.2,-7.92059177557036,2.122316169840671,DVN
2026-08-03 23:10:00,-90.58,41.61,25.0,25528.0,-49.9,-64.4,-59.9,17,27,0.27,90.0,5.2,-5.2,-3.1840816777831187e-16,DVN
2026-08-03 23:10:00,-90.58,41.61,24.0,25795.0,-49.5,-64.3,-59.8,16,26,0.29,85.0,10.3,-10.260805390344979,-0.8977041503008789,DVN
2026-08-03 23:10:00,-90.58,41.61,23.4,25960.0,-49.3,-64.3,-59.8,16,26,0.3,91.0,10.3,-10.298431260110831,0.17975978630401981,DVN
2026-08-03 23:10:00,-90.58,41.61,23.0,26073.0,-49.2,-64.2,-59.7,16,26,0.31,95.0,10.3,-10.260805390344979,0.8977041503008799,DVN
2026-08-03 23:10:00,-90.58,41.61,22.0,26365.0,-48.8,-63.8,-59.3,16,26,0.34,70.0,13.4,-12.591881118531171,-4.583069920563962,DVN
2026-08-03 23:10:00,-90.58,41.61,21.3,26577.0,-48.5,-63.5,-59.0,16,26,0.36,80.0,15.2,-14.969077845785561,-2.639452300537342,DVN
2026-08-03 23:10:00,-90.58,41.61,21.0,26670.0,-48.6,-63.6,-59.1,16,26,0.36,85.0,16.0,-15.939115169467929,-1.3944918839625302,DVN
2026-08-03 23:10:00,-90.58,41.61,20.4,26860.0,-48.9,-63.9,-59.4,16,26,0.36,91.0,13.5,-13.497943884611281,0.23560748690332695,DVN
2026-08-03 23:10:00,-90.58,41.61,20.0,26990.0,-49.1,-64.1,-59.6,16,26,0.35,95.0,11.8,-11.755097437482599,1.0284377644223672,DVN
2026-08-03 23:10:00,-90.58,41.61,19.6,27122.0,-49.3,-64.3,-59.8,16,26,0.35,87.0,11.8,-11.783828510103971,-0.6175642836667389,DVN
2026-08-03 23:10:00,-90.58,41.61,19.4,27189.0,-49.3,-64.3,-59.8,16,26,0.36,83.0,11.8,-11.7120445893676,-1.4380582521807406,DVN
2026-08-03 23:10:00,-90.58,41.61,19.0,27326.0,-49.1,-64.1,-59.6,16,26,0.37,75.0,11.8,-11.397924750211006,-3.0540647322097447,DVN
2026-08-03 23:10:00,-90.58,41.61,18.9,27360.0,-49.1,-64.1,-59.6,16,26,0.38,76.0,12.0,-11.643548715311958,-2.903062747196012,DVN
2026-08-03 23:10:00,-90.58,41.61,18.2,27608.0,-48.5,-63.5,-59.0,16,26,0.42,83.0,13.5,-13.399373047157846,-1.6452361359694911,DVN
2026-08-03 23:10:00,-90.58,41.61,18.0,27680.0,-48.3,-63.3,-58.8,16,26,0.44,85.0,13.9,-13.847106303475263,-1.2114648241924482,DVN
2026-08-03 23:10:00,-90.58,41.61,17.0,28060.0,-47.0,-62.5,-58.1,16,25,0.51,85.0,16.5,-16.437212518513803,-1.4380697553363593,DVN
2026-08-03 23:10:00,-90.58,41.61,16.0,28463.0,-45.7,-61.7,-57.3,15,23,0.6,80.0,16.5,-16.249327924701433,-2.8651949315043517,DVN
2026-08-03 23:10:00,-90.58,41.61,15.0,28892.0,-44.2,-60.8,-56.4,14,22,0.72,85.0,14.4,-14.345203652521135,-1.2550426955662772,DVN
2026-08-03 23:10:00,-90.58,41.61,14.4,29163.0,-43.3,-60.3,-55.9,14,21,0.81,85.0,16.2,-16.138354109086276,-1.4119230325120617,DVN
2026-08-03 23:10:00,-90.58,41.61,14.0,29352.0,-43.2,-59.9,-55.5,14,22,0.87,85.0,17.5,-17.43340721660555,-1.5252254980840174,DVN
2026-08-03 23:10:00,-90.58,41.61,13.0,29851.0,-42.8,-58.9,-54.6,16,24,1.06,95.0,17.0,-16.935309867559674,1.48164762671019,DVN
2026-08-03 23:10:00,-90.58,41.61,12.8,29955.0,-42.7,-58.7,-54.4,16,24,1.11,95.0,16.6,-16.536831988322977,1.4467853296111268,DVN
2026-08-03 23:10:00,-90.58,41.61,12.5,30115.0,-42.3,-59.3,-54.9,14,21,1.05,95.0,16.0,-15.939115169467929,1.3944918839625318,DVN
2026-08-03 23:10:00,-90.58,41.61,12.0,30392.0,-41.6,-58.6,-54.2,14,22,1.2,95.0,14.9,-14.843301001567008,1.2986205669401076,DVN
2026-08-03 23:10:00,-90.58,41.61,11.3,30799.0,-40.5,-57.5,-53.2,15,22,1.46,88.0,15.3,-15.290679653392166,-0.5339622995482666,DVN
2026-08-03 23:10:00,-90.58,41.61,11.0,30982.0,-40.5,-56.5,-52.2,17,25,1.69,85.0,15.4,-15.341398350612883,-1.3421984383139354,DVN
2026-08-03 23:10:00,-90.58,41.61,10.6,31234.0,-40.9,-56.9,-52.6,16,24,1.67,85.0,15.6,-15.54063729023123,-1.359629586863467,DVN
2026-08-03 23:10:00,-90.58,41.61,10.3,31429.0,-40.7,-56.7,-52.4,16,25,1.76,85.0,15.8,-15.73987622984958,-1.3770607354129987,DVN
2026-08-03 23:10:00,-90.58,41.61,10.0,31630.0,-40.7,-56.7,-52.4,16,25,1.82,85.0,16.0,-15.939115169467929,-1.3944918839625302,DVN
2026-08-03 23:10:00,-90.58,41.61,9.1,32276.0,-37.9,-55.9,-51.7,14,20,2.2,98.0,15.0,-14.854021031123555,2.0875965144009805,DVN
2026-08-03 23:10:00,-90.58,41.61,9.0,32353.0,-37.5,-55.5,-51.3,14,20,2.33,100.0,14.9,-14.6736355198819,2.5873578472372616,DVN
2026-08-03 23:10:00,-90.58,41.61,8.8,32508.0,-36.7,-54.7,-50.5,14,20,2.63,,,,,DVN
2026-08-03 23:10:00,-90.58,41.61,8.7,32587.0,-36.7,-54.7,-50.5,14,20,2.66,,,,,DVN
2026-08-03 23:10:00,-90.58,41.61,8.6,32667.0,-37.3,-54.3,-50.1,16,22,2.82,,,,,DVN
