N_POINTS,LATITUDE,LONGITUDE,TIME,CYCLE_NUMBER,PLATFORM_NUMBER,PRES,TEMP,PSAL
0,-39.845533333333336,89.079075,2025-04-01 18:44:30,77,2903768,3.1,15.192,34.849
1,-39.845533333333336,89.079075,2025-04-01 18:44:30,77,2903768,4.1,15.187,34.849
2,-39.845533333333336,89.079075,2025-04-01 18:44:30,77,2903768,5.1,15.19,34.848
3,-39.845533333333336,89.079075,2025-04-01 18:44:30,77,2903768,5.8,15.19,34.853
4,-39.845533333333336,89.079075,2025-04-01 18:44:30,77,2903768,6.9,15.193,34.85
5,-39.845533333333336,89.079075,2025-04-01 18:44:30,77,2903768,8.0,15.196,34.849
6,-39.845533333333336,89.079075,2025-04-01 18:44:30,77,2903768,8.8,15.193,34.85
7,-39.845533333333336,89.079075,2025-04-01 18:44:30,77,2903768,10.0,15.198,34.849
8,-39.845533333333336,89.079075,2025-04-01 18:44:30,77,2903768,11.2,15.196,34.848
9,-39.845533333333336,89.079075,2025-04-01 18:44:30,77,2903768,12.0,15.194,34.849
10,-39.845533333333336,89.079075,2025-04-01 18:44:30,77,2903768,12.8,15.194,34.851
11,-39.845533333333336,89.079075,2025-04-01 18:44:30,77,2903768,13.9,15.196,34.849
12,-39.845533333333336,89.079075,2025-04-01 18:44:30,77,2903768,15.2,15.198,34.851
13,-39.845533333333336,89.079075,2025-04-01 18:44:30,77,2903768,16.0,15.194,34.852
14,-39.845533333333336,89.079075,2025-04-01 18:44:30,77,2903768,16.8,15.193,34.851
15,-39.845533333333336,89.079075,2025-04-01 18:44:30,77,2903768,17.7,15.212,34.858
16,-39.845533333333336,89.079075,2025-04-01 18:44:30,77,2903768,18.9,15.215,34.856
17,-39.845533333333336,89.079075,2025-04-01 18:44:30,77,2903768,20.3,15.225,34.861
18,-39.845533333333336,89.079075,2025-04-01 18:44:30,77,2903768,21.2,15.217,34.86
19,-39.845533333333336,89.079075,2025-04-01 18:44:30,77,2903768,22.1,15.211,34.858
20,-39.845533333333336,89.079075,2025-04-01 18:44:30,77,2903768,23.0,15.209,34.858
21,-39.845533333333336,89.079075,2025-04-01 18:44:30,77,2903768,23.9,15.207,34.859
22,-39.845533333333336,89.079075,2025-04-01 18:44:30,77,2903768,24.9,15.214,34.861
23,-39.845533333333336,89.079075,2025-04-01 18:44:30,77,2903768,25.8,15.21,34.86
24,-39.845533333333336,89.079075,2025-04-01 18:44:30,77,2903768,26.8,15.207,34.858
25,-39.845533333333336,89.079075,2025-04-01 18:44:30,77,2903768,27.7,15.217,34.861
26,-39.845533333333336,89.079075,2025-04-01 18:44:30,77,2903768,28.7,15.22,34.864
27,-39.845533333333336,89.079075,2025-04-01 18:44:30,77,2903768,29.7,15.213,34.863
28,-39.845533333333336,89.079075,2025-04-01 18:44:30,77,2903768,30.7,15.211,34.861
29,-39.845533333333336,89.079075,2025-04-01 18:44:30,77,2903768,31.7,15.205,34.861
30,-39.845533333333336,89.079075,2025-04-01 18:44:30,77,2903768,32.7,15.212,34.863
31,-39.845533333333336,89.079075,2025-04-01 18:44:30,77,2903768,33.7,15.228,34.863
32,-39.845533333333336,89.079075,2025-04-01 18:44:30,77,2903768,34.7,15.232,34.868
33,-39.845533333333336,89.079075,2025-04-01 18:44:30,77,2903768,35.8,15.227,34.867
34,-39.845533333333336,89.079075,2025-04-01 18:44:30,77,2903768,36.8,15.223,34.867
35,-39.845533333333336,89.079075,2025-04-01 18:44:30,77,2903768,37.9,15.222,34.865
36,-39.845533333333336,89.079075,2025-04-01 18:44:30,77,2903768,38.9,15.22,34.866
37,-39.845533333333336,89.079075,2025-04-01 18:44:30,77,2903768,40.0,15.218,34.865
38,-39.845533333333336,89.079075,2025-04-01 18:44:30,77,2903768,41.0,15.213,34.865
39,-39.845533333333336,89.079075,2025-04-01 18:44:30,77,2903768,42.1,15.212,34.863
40,-39.845533333333336,89.079075,2025-04-01 18:44:30,77,2903768,43.2,15.221,34.864
41,-39.845533333333336,89.079075,2025-04-01 18:44:30,77,2903768,44.3,15.22,34.867
42,-39.845533333333336,89.079075,2025-04-01 18:44:30,77,2903768,45.4,15.225,34.867
43,-39.845533333333336,89.079075,2025-04-01 18:44:30,77,2903768,46.6,15.224,34.868
44,-39.845533333333336,89.079075,2025-04-01 18:44:30,77,2903768,47.6,15.228,34.867
45,-39.845533333333336,89.079075,2025-04-01 18:44:30,77,2903768,48.7,15.218,34.867
46,-39.845533333333336,89.079075,2025-04-01 18:44:30,77,2903768,49.8,15.199,34.862
47,-39.845533333333336,89.079075,2025-04-01 18:44:30,77,2903768,50.9,15.199,34.867
48,-39.845533333333336,89.079075,2025-04-01 18:44:30,77,2903768,52.0,15.184,34.865
49,-39.845533333333336,89.079075,2025-04-01 18:44:30,77,2903768,53.1,15.162,34.855
50,-39.845533333333336,89.079075,2025-04-01 18:44:30,77,2903768,54.1,15.145,34.853
51,-39.845533333333336,89.079075,2025-04-01 18:44:30,77,2903768,55.1,15.106,34.841
52,-39.845533333333336,89.079075,2025-04-01 18:44:30,77,2903768,56.1,15.063,34.837
53,-39.845533333333336,89.079075,2025-04-01 18:44:30,77,2903768,57.1,15.008,34.831
54,-39.845533333333336,89.079075,2025-04-01 18:44:30,77,2903768,58.1,14.971,34.824
55,-39.845533333333336,89.079075,2025-04-01 18:44:30,77,2903768,59.1,14.922,34.814
56,-39.845533333333336,89.079075,2025-04-01 18:44:30,77,2903768,60.0,14.848,34.804
57,-39.845533333333336,89.079075,2025-04-01 18:44:30,77,2903768,61.0,14.78,34.79
58,-39.845533333333336,89.079075,2025-04-01 18:44:30,77,2903768,61.9,14.68,34.805
59,-39.845533333333336,89.079075,2025-04-01 18:44:30,77,2903768,62.9,14.592,34.773
60,-39.845533333333336,89.079075,2025-04-01 18:44:30,77,2903768,63.8,14.514,34.761
61,-39.845533333333336,89.079075,2025-04-01 18:44:30,77,2903768,64.6,14.47,34.752
62,-39.845533333333336,89.079075,2025-04-01 18:44:30,77,2903768,65.9,14.28,34.744
63,-39.845533333333336,89.079075,2025-04-01 18:44:30,77,2903768,67.3,14.072,34.728
64,-39.845533333333336,89.079075,2025-04-01 18:44:30,77,2903768,68.2,13.988,34.723
65,-39.845533333333336,89.079075,2025-04-01 18:44:30,77,2903768,69.1,13.867,34.726
66,-39.845533333333336,89.079075,2025-04-01 18:44:30,77,2903768,69.9,13.775,34.731
67,-39.845533333333336,89.079075,2025-04-01 18:44:30,77,2903768,70.9,13.715,34.734
68,-39.845533333333336,89.079075,2025-04-01 18:44:30,77,2903768,71.8,13.66,34.735
69,-39.845533333333336,89.079075,2025-04-01 18:44:30,77,2903768,72.7,13.587,34.74
70,-39.845533333333336,89.079075,2025-04-01 18:44:30,77,2903768,73.7,13.586,34.75
71,-39.845533333333336,89.079075,2025-04-01 18:44:30,77,2903768,74.6,13.579,34.757
72,-39.845533333333336,89.079075,2025-04-01 18:44:30,77,2903768,75.6,13.58,34.77
73,-39.845533333333336,89.079075,2025-04-01 18:44:30,77,2903768,76.5,13.623,34.834
74,-39.845533333333336,89.079075,2025-04-01 18:44:30,77,2903768,77.9,13.655,34.855
75,-39.845533333333336,89.079075,2025-04-01 18:44:30,77,2903768,79.3,13.548,34.889
76,-39.845533333333336,89.079075,2025-04-01 18:44:30,77,2903768,80.1,13.495,34.895
77,-39.845533333333336,89.079075,2025-04-01 18:44:30,77,2903768,81.1,13.439,34.892
78,-39.845533333333336,89.079075,2025-04-01 18:44:30,77,2903768,82.0,13.407,34.888
79,-39.845533333333336,89.079075,2025-04-01 18:44:30,77,2903768,82.8,13.351,34.888
80,-39.845533333333336,89.079075,2025-04-01 18:44:30,77,2903768,84.0,13.053,34.887
81,-39.845533333333336,89.079075,2025-04-01 18:44:30,77,2903768,84.8,12.904,34.876
82,-39.845533333333336,89.079075,2025-04-01 18:44:30,77,2903768,85.8,12.759,34.895
83,-39.845533333333336,89.079075,2025-04-01 18:44:30,77,2903768,87.1,12.652,34.912
84,-39.845533333333336,89.079075,2025-04-01 18:44:30,77,2903768,88.1,12.578,34.912
85,-39.845533333333336,89.079075,2025-04-01 18:44:30,77,2903768,88.9,12.49,34.909
86,-39.845533333333336,89.079075,2025-04-01 18:44:30,77,2903768,90.0,12.424,34.911
87,-39.845533333333336,89.079075,2025-04-01 18:44:30,77,2903768,91.1,12.437,34.92
88,-39.845533333333336,89.079075,2025-04-01 18:44:30,77,2903768,91.9,12.448,34.924
89,-39.845533333333336,89.079075,2025-04-01 18:44:30,77,2903768,92.8,12.456,34.932
90,-39.845533333333336,89.079075,2025-04-01 18:44:30,77,2903768,93.6,12.44,34.941
91,-39.845533333333336,89.079075,2025-04-01 18:44:30,77,2903768,94.9,12.436,34.953
92,-39.845533333333336,89.079075,2025-04-01 18:44:30,77,2903768,96.3,12.538,34.999
93,-39.845533333333336,89.079075,2025-04-01 18:44:30,77,2903768,97.2,12.561,35.018
94,-39.845533333333336,89.079075,2025-04-01 18:44:30,77,2903768,98.1,12.526,35.017
95,-39.845533333333336,89.079075,2025-04-01 18:44:30,77,2903768,99.1,12.456,35.005
96,-39.845533333333336,89.079075,2025-04-01 18:44:30,77,2903768,100.0,12.445,35.005
97,-39.845533333333336,89.079075,2025-04-01 18:44:30,77,2903768,101.0,12.44,35.012
98,-39.845533333333336,89.079075,2025-04-01 18:44:30,77,2903768,102.0,12.357,35.005
99,-39.845533333333336,89.079075,2025-04-01 18:44:30,77,2903768,103.0,12.338,35.0
100,-39.845533333333336,89.079075,2025-04-01 18:44:30,77,2903768,104.1,12.295,35.006
101,-39.845533333333336,89.079075,2025-04-01 18:44:30,77,2903768,105.1,12.27,35.004
102,-39.845533333333336,89.079075,2025-04-01 18:44:30,77,2903768,106.2,12.262,35.007
103,-39.845533333333336,89.079075,2025-04-01 18:44:30,77,2903768,107.3,12.25,35.02
104,-39.845533333333336,89.079075,2025-04-01 18:44:30,77,2903768,108.4,12.277,35.033
105,-39.845533333333336,89.079075,2025-04-01 18:44:30,77,2903768,109.6,12.327,35.044
106,-39.845533333333336,89.079075,2025-04-01 18:44:30,77,2903768,110.7,12.308,35.054
107,-39.845533333333336,89.079075,2025-04-01 18:44:30,77,2903768,111.8,12.27,35.051
108,-39.845533333333336,89.079075,2025-04-01 18:44:30,77,2903768,113.0,12.303,35.064
109,-39.845533333333336,89.079075,2025-04-01 18:44:30,77,2903768,114.2,12.266,35.054
110,-39.845533333333336,89.079075,2025-04-01 18:44:30,77,2903768,115.3,12.244,35.051
111,-39.845533333333336,89.079075,2025-04-01 18:44:30,77,2903768,116.4,12.22,35.05
112,-39.845533333333336,89.079075,2025-04-01 18:44:30,77,2903768,117.6,12.22,35.048
113,-39.845533333333336,89.079075,2025-04-01 18:44:30,77,2903768,118.7,12.227,35.055
114,-39.845533333333336,89.079075,2025-04-01 18:44:30,77,2903768,119.8,12.315,35.071
115,-39.845533333333336,89.079075,2025-04-01 18:44:30,77,2903768,120.9,12.345,35.078
116,-39.845533333333336,89.079075,2025-04-01 18:44:30,77,2903768,122.1,12.339,35.089
117,-39.845533333333336,89.079075,2025-04-01 18:44:30,77,2903768,123.2,12.322,35.084
118,-39.845533333333336,89.079075,2025-04-01 18:44:30,77,2903768,124.3,12.284,35.08
119,-39.845533333333336,89.079075,2025-04-01 18:44:30,77,2903768,125.4,12.283,35.08
120,-39.845533333333336,89.079075,2025-04-01 18:44:30,77,2903768,126.5,12.278,35.08
121,-39.845533333333336,89.079075,2025-04-01 18:44:30,77,2903768,127.6,12.276,35.08
122,-39.845533333333336,89.079075,2025-04-01 18:44:30,77,2903768,128.7,12.246,35.076
123,-39.845533333333336,89.079075,2025-04-01 18:44:30,77,2903768,129.8,12.231,35.074
124,-39.845533333333336,89.079075,2025-04-01 18:44:30,77,2903768,130.9,12.216,35.07
125,-39.845533333333336,89.079075,2025-04-01 18:44:30,77,2903768,132.1,12.212,35.07
126,-39.845533333333336,89.079075,2025-04-01 18:44:30,77,2903768,133.2,12.209,35.07
127,-39.845533333333336,89.079075,2025-04-01 18:44:30,77,2903768,134.3,12.203,35.068
128,-39.845533333333336,89.079075,2025-04-01 18:44:30,77,2903768,135.4,12.2,35.069
129,-39.845533333333336,89.079075,2025-04-01 18:44:30,77,2903768,136.5,12.198,35.068
130,-39.845533333333336,89.079075,2025-04-01 18:44:30,77,2903768,137.6,12.188,35.067
131,-39.845533333333336,89.079075,2025-04-01 18:44:30,77,2903768,138.7,12.18,35.066
132,-39.845533333333336,89.079075,2025-04-01 18:44:30,77,2903768,139.8,12.164,35.065
133,-39.845533333333336,89.079075,2025-04-01 18:44:30,77,2903768,140.8,12.149,35.061
134,-39.845533333333336,89.079075,2025-04-01 18:44:30,77,2903768,141.9,12.147,35.06
135,-39.845533333333336,89.079075,2025-04-01 18:44:30,77,2903768,143.0,12.127,35.058
136,-39.845533333333336,89.079075,2025-04-01 18:44:30,77,2903768,144.0,12.12,35.056
137,-39.845533333333336,89.079075,2025-04-01 18:44:30,77,2903768,145.1,12.103,35.054
138,-39.845533333333336,89.079075,2025-04-01 18:44:30,77,2903768,146.2,12.095,35.051
139,-39.845533333333336,89.079075,2025-04-01 18:44:30,77,2903768,147.3,12.082,35.052
140,-39.845533333333336,89.079075,2025-04-01 18:44:30,77,2903768,148.3,12.082,35.053
141,-39.845533333333336,89.079075,2025-04-01 18:44:30,77,2903768,149.4,12.082,35.055
142,-39.845533333333336,89.079075,2025-04-01 18:44:30,77,2903768,150.5,12.079,35.054
143,-39.845533333333336,89.079075,2025-04-01 18:44:30,77,2903768,151.5,12.074,35.053
144,-39.845533333333336,89.079075,2025-04-01 18:44:30,77,2903768,152.6,12.069,35.054
145,-39.845533333333336,89.079075,2025-04-01 18:44:30,77,2903768,153.7,12.052,35.052
146,-39.845533333333336,89.079075,2025-04-01 18:44:30,77,2903768,154.7,12.052,35.053
147,-39.845533333333336,89.079075,2025-04-01 18:44:30,77,2903768,155.8,12.053,35.054
148,-39.845533333333336,89.079075,2025-04-01 18:44:30,77,2903768,156.9,12.055,35.053
149,-39.845533333333336,89.079075,2025-04-01 18:44:30,77,2903768,158.0,12.058,35.055
150,-39.845533333333336,89.079075,2025-04-01 18:44:30,77,2903768,159.1,12.062,35.056
151,-39.845533333333336,89.079075,2025-04-01 18:44:30,77,2903768,160.2,12.062,35.057
152,-39.845533333333336,89.079075,2025-04-01 18:44:30,77,2903768,161.3,12.051,35.056
153,-39.845533333333336,89.079075,2025-04-01 18:44:30,77,2903768,162.4,12.039,35.055
154,-39.845533333333336,89.079075,2025-04-01 18:44:30,77,2903768,163.5,12.039,35.055
155,-39.845533333333336,89.079075,2025-04-01 18:44:30,77,2903768,164.6,12.038,35.055
156,-39.845533333333336,89.079075,2025-04-01 18:44:30,77,2903768,165.7,12.038,35.055
157,-39.845533333333336,89.079075,2025-04-01 18:44:30,77,2903768,166.8,12.025,35.051
158,-39.845533333333336,89.079075,2025-04-01 18:44:30,77,2903768,167.9,12.025,35.054
159,-39.845533333333336,89.079075,2025-04-01 18:44:30,77,2903768,169.0,12.016,35.053
160,-39.845533333333336,89.079075,2025-04-01 18:44:30,77,2903768,170.1,12.01,35.051
161,-39.845533333333336,89.079075,2025-04-01 18:44:30,77,2903768,171.2,11.986,35.055
162,-39.845533333333336,89.079075,2025-04-01 18:44:30,77,2903768,172.3,11.976,35.048
163,-39.845533333333336,89.079075,2025-04-01 18:44:30,77,2903768,173.5,11.975,35.047
164,-39.845533333333336,89.079075,2025-04-01 18:44:30,77,2903768,174.6,11.975,35.047
165,-39.845533333333336,89.079075,2025-04-01 18:44:30,77,2903768,175.8,11.972,35.046
166,-39.845533333333336,89.079075,2025-04-01 18:44:30,77,2903768,176.9,11.968,35.046
167,-39.845533333333336,89.079075,2025-04-01 18:44:30,77,2903768,178.1,11.964,35.045
168,-39.845533333333336,89.079075,2025-04-01 18:44:30,77,2903768,179.2,11.954,35.044
169,-39.845533333333336,89.079075,2025-04-01 18:44:30,77,2903768,180.4,11.94,35.041
170,-39.845533333333336,89.079075,2025-04-01 18:44:30,77,2903768,181.5,11.935,35.04
171,-39.845533333333336,89.079075,2025-04-01 18:44:30,77,2903768,182.7,11.924,35.037
172,-39.845533333333336,89.079075,2025-04-01 18:44:30,77,2903768,183.8,11.912,35.036
173,-39.845533333333336,89.079075,2025-04-01 18:44:30,77,2903768,185.0,11.912,35.037
174,-39.845533333333336,89.079075,2025-04-01 18:44:30,77,2903768,186.2,11.91,35.036
175,-39.845533333333336,89.079075,2025-04-01 18:44:30,77,2903768,187.3,11.909,35.035
176,-39.845533333333336,89.079075,2025-04-01 18:44:30,77,2903768,188.5,11.901,35.034
177,-39.845533333333336,89.079075,2025-04-01 18:44:30,77,2903768,189.6,11.895,35.033
178,-39.845533333333336,89.079075,2025-04-01 18:44:30,77,2903768,190.8,11.893,35.033
179,-39.845533333333336,89.079075,2025-04-01 18:44:30,77,2903768,191.9,11.882,35.033
180,-39.845533333333336,89.079075,2025-04-01 18:44:30,77,2903768,193.1,11.88,35.031
181,-39.845533333333336,89.079075,2025-04-01 18:44:30,77,2903768,194.2,11.872,35.031
182,-39.845533333333336,89.079075,2025-04-01 18:44:30,77,2903768,195.4,11.869,35.03
183,-39.845533333333336,89.079075,2025-04-01 18:44:30,77,2903768,196.5,11.866,35.03
184,-39.845533333333336,89.079075,2025-04-01 18:44:30,77,2903768,197.7,11.867,35.029
185,-39.845533333333336,89.079075,2025-04-01 18:44:30,77,2903768,198.8,11.866,35.03
186,-39.845533333333336,89.079075,2025-04-01 18:44:30,77,2903768,200.0,11.867,35.029
187,-39.845533333333336,89.079075,2025-04-01 18:44:30,77,2903768,201.1,11.866,35.03
188,-39.845533333333336,89.079075,2025-04-01 18:44:30,77,2903768,202.2,11.86,35.031
189,-39.845533333333336,89.079075,2025-04-01 18:44:30,77,2903768,203.4,11.849,35.027
190,-39.845533333333336,89.079075,2025-04-01 18:44:30,77,2903768,204.5,11.843,35.027
191,-39.845533333333336,89.079075,2025-04-01 18:44:30,77,2903768,205.6,11.831,35.028
192,-39.845533333333336,89.079075,2025-04-01 18:44:30,77,2903768,206.7,11.823,35.023
193,-39.845533333333336,89.079075,2025-04-01 18:44:30,77,2903768,207.8,11.818,35.023
194,-39.845533333333336,89.079075,2025-04-01 18:44:30,77,2903768,209.0,11.814,35.023
195,-39.845533333333336,89.079075,2025-04-01 18:44:30,77,2903768,210.1,11.809,35.022
196,-39.845533333333336,89.079075,2025-04-01 18:44:30,77,2903768,211.2,11.805,35.024
197,-39.845533333333336,89.079075,2025-04-01 18:44:30,77,2903768,212.3,11.806,35.023
198,-39.845533333333336,89.079075,2025-04-01 18:44:30,77,2903768,213.4,11.809,35.025
199,-39.845533333333336,89.079075,2025-04-01 18:44:30,77,2903768,214.6,11.809,35.025
200,-39.845533333333336,89.079075,2025-04-01 18:44:30,77,2903768,215.7,11.804,35.024
201,-39.845533333333336,89.079075,2025-04-01 18:44:30,77,2903768,216.8,11.801,35.025
202,-39.845533333333336,89.079075,2025-04-01 18:44:30,77,2903768,217.9,11.794,35.024
203,-39.845533333333336,89.079075,2025-04-01 18:44:30,77,2903768,219.0,11.789,35.023
204,-39.845533333333336,89.079075,2025-04-01 18:44:30,77,2903768,220.1,11.786,35.023
205,-39.845533333333336,89.079075,2025-04-01 18:44:30,77,2903768,221.2,11.784,35.023
206,-39.845533333333336,89.079075,2025-04-01 18:44:30,77,2903768,222.2,11.779,35.023
207,-39.845533333333336,89.079075,2025-04-01 18:44:30,77,2903768,223.3,11.778,35.022
208,-39.845533333333336,89.079075,2025-04-01 18:44:30,77,2903768,224.4,11.778,35.023
209,-39.845533333333336,89.079075,2025-04-01 18:44:30,77,2903768,225.5,11.78,35.023
210,-39.845533333333336,89.079075,2025-04-01 18:44:30,77,2903768,226.6,11.785,35.026
211,-39.845533333333336,89.079075,2025-04-01 18:44:30,77,2903768,227.6,11.781,35.026
212,-39.845533333333336,89.079075,2025-04-01 18:44:30,77,2903768,228.7,11.775,35.025
213,-39.845533333333336,89.079075,2025-04-01 18:44:30,77,2903768,229.6,11.766,35.025
214,-39.845533333333336,89.079075,2025-04-01 18:44:30,77,2903768,231.0,11.752,35.023
215,-39.845533333333336,89.079075,2025-04-01 18:44:30,77,2903768,232.2,11.748,35.022
216,-39.845533333333336,89.079075,2025-04-01 18:44:30,77,2903768,233.0,11.746,35.022
217,-39.845533333333336,89.079075,2025-04-01 18:44:30,77,2903768,233.8,11.743,35.023
218,-39.845533333333336,89.079075,2025-04-01 18:44:30,77,2903768,235.0,11.742,35.022
219,-39.845533333333336,89.079075,2025-04-01 18:44:30,77,2903768,236.2,11.739,35.022
220,-39.845533333333336,89.079075,2025-04-01 18:44:30,77,2903768,237.0,11.738,35.022
221,-39.845533333333336,89.079075,2025-04-01 18:44:30,77,2903768,237.8,11.735,35.021
222,-39.845533333333336,89.079075,2025-04-01 18:44:30,77,2903768,239.0,11.73,35.021
223,-39.845533333333336,89.079075,2025-04-01 18:44:30,77,2903768,240.2,11.728,35.021
224,-39.845533333333336,89.079075,2025-04-01 18:44:30,77,2903768,241.0,11.725,35.019
225,-39.845533333333336,89.079075,2025-04-01 18:44:30,77,2903768,241.8,11.726,35.019
226,-39.845533333333336,89.079075,2025-04-01 18:44:30,77,2903768,243.0,11.726,35.02
227,-39.845533333333336,89.079075,2025-04-01 18:44:30,77,2903768,244.2,11.728,35.021
228,-39.845533333333336,89.079075,2025-04-01 18:44:30,77,2903768,245.1,11.726,35.021
229,-39.845533333333336,89.079075,2025-04-01 18:44:30,77,2903768,245.9,11.726,35.021
230,-39.845533333333336,89.079075,2025-04-01 18:44:30,77,2903768,246.7,11.725,35.021
231,-39.845533333333336,89.079075,2025-04-01 18:44:30,77,2903768,248.0,11.723,35.02
232,-39.845533333333336,89.079075,2025-04-01 18:44:30,77,2903768,249.2,11.717,35.02
233,-39.845533333333336,89.079075,2025-04-01 18:44:30,77,2903768,250.1,11.709,35.019
234,-39.845533333333336,89.079075,2025-04-01 18:44:30,77,2903768,250.9,11.713,35.019
235,-39.845533333333336,89.079075,2025-04-01 18:44:30,77,2903768,251.8,11.709,35.02
236,-39.845533333333336,89.079075,2025-04-01 18:44:30,77,2903768,252.6,11.708,35.019
237,-39.845533333333336,89.079075,2025-04-01 18:44:30,77,2903768,253.9,11.71,35.019
238,-39.845533333333336,89.079075,2025-04-01 18:44:30,77,2903768,255.2,11.703,35.021
239,-39.845533333333336,89.079075,2025-04-01 18:44:30,77,2903768,256.1,11.705,35.019
240,-39.845533333333336,89.079075,2025-04-01 18:44:30,77,2903768,257.0,11.708,35.02
241,-39.845533333333336,89.079075,2025-04-01 18:44:30,77,2903768,257.8,11.714,35.021
242,-39.845533333333336,89.079075,2025-04-01 18:44:30,77,2903768,258.7,11.715,35.023
243,-39.845533333333336,89.079075,2025-04-01 18:44:30,77,2903768,260.0,11.715,35.023
244,-39.845533333333336,89.079075,2025-04-01 18:44:30,77,2903768,261.3,11.72,35.025
245,-39.845533333333336,89.079075,2025-04-01 18:44:30,77,2903768,262.2,11.719,35.025
246,-39.845533333333336,89.079075,2025-04-01 18:44:30,77,2903768,263.0,11.717,35.025
247,-39.845533333333336,89.079075,2025-04-01 18:44:30,77,2903768,263.9,11.712,35.024
248,-39.845533333333336,89.079075,2025-04-01 18:44:30,77,2903768,264.8,11.714,35.025
249,-39.845533333333336,89.079075,2025-04-01 18:44:30,77,2903768,265.7,11.718,35.022
250,-39.845533333333336,89.079075,2025-04-01 18:44:30,77,2903768,266.6,11.727,35.03
251,-39.845533333333336,89.079075,2025-04-01 18:44:30,77,2903768,267.9,11.728,35.03
252,-39.845533333333336,89.079075,2025-04-01 18:44:30,77,2903768,269.3,11.738,35.033
253,-39.845533333333336,89.079075,2025-04-01 18:44:30,77,2903768,270.2,11.739,35.033
254,-39.845533333333336,89.079075,2025-04-01 18:44:30,77,2903768,271.1,11.742,35.034
255,-39.845533333333336,89.079075,2025-04-01 18:44:30,77,2903768,272.0,11.74,35.034
256,-39.845533333333336,89.079075,2025-04-01 18:44:30,77,2903768,273.0,11.745,35.035
257,-39.845533333333336,89.079075,2025-04-01 18:44:30,77,2903768,273.9,11.745,35.036
258,-39.845533333333336,89.079075,2025-04-01 18:44:30,77,2903768,274.8,11.747,35.037
259,-39.845533333333336,89.079075,2025-04-01 18:44:30,77,2903768,275.7,11.751,35.036
260,-39.845533333333336,89.079075,2025-04-01 18:44:30,77,2903768,276.7,11.754,35.039
261,-39.845533333333336,89.079075,2025-04-01 18:44:30,77,2903768,277.6,11.755,35.039
262,-39.845533333333336,89.079075,2025-04-01 18:44:30,77,2903768,278.9,11.754,35.038
263,-39.845533333333336,89.079075,2025-04-01 18:44:30,77,2903768,280.3,11.754,35.039
264,-39.845533333333336,89.079075,2025-04-01 18:44:30,77,2903768,281.3,11.755,35.038
265,-39.845533333333336,89.079075,2025-04-01 18:44:30,77,2903768,282.2,11.754,35.038
266,-39.845533333333336,89.079075,2025-04-01 18:44:30,77,2903768,283.1,11.751,35.037
267,-39.845533333333336,89.079075,2025-04-01 18:44:30,77,2903768,284.1,11.739,35.035
268,-39.845533333333336,89.079075,2025-04-01 18:44:30,77,2903768,285.0,11.728,35.034
269,-39.845533333333336,89.079075,2025-04-01 18:44:30,77,2903768,285.9,11.724,35.033
270,-39.845533333333336,89.079075,2025-04-01 18:44:30,77,2903768,286.9,11.725,35.033
271,-39.845533333333336,89.079075,2025-04-01 18:44:30,77,2903768,287.8,11.724,35.033
272,-39.845533333333336,89.079075,2025-04-01 18:44:30,77,2903768,288.7,11.724,35.033
273,-39.845533333333336,89.079075,2025-04-01 18:44:30,77,2903768,289.7,11.726,35.033
274,-39.845533333333336,89.079075,2025-04-01 18:44:30,77,2903768,290.6,11.727,35.034
275,-39.845533333333336,89.079075,2025-04-01 18:44:30,77,2903768,291.6,11.728,35.033
276,-39.845533333333336,89.079075,2025-04-01 18:44:30,77,2903768,292.9,11.727,35.032
277,-39.845533333333336,89.079075,2025-04-01 18:44:30,77,2903768,294.4,11.727,35.033
278,-39.845533333333336,89.079075,2025-04-01 18:44:30,77,2903768,295.3,11.726,35.033
279,-39.845533333333336,89.079075,2025-04-01 18:44:30,77,2903768,296.3,11.721,35.031
280,-39.845533333333336,89.079075,2025-04-01 18:44:30,77,2903768,297.2,11.718,35.031
281,-39.845533333333336,89.079075,2025-04-01 18:44:30,77,2903768,298.2,11.702,35.028
282,-39.845533333333336,89.079075,2025-04-01 18:44:30,77,2903768,299.1,11.7,35.028
283,-39.845533333333336,89.079075,2025-04-01 18:44:30,77,2903768,300.0,11.699,35.026
284,-39.845533333333336,89.079075,2025-04-01 18:44:30,77,2903768,301.0,11.694,35.026
285,-39.845533333333336,89.079075,2025-04-01 18:44:30,77,2903768,301.9,11.685,35.024
286,-39.845533333333336,89.079075,2025-04-01 18:44:30,77,2903768,302.9,11.683,35.023
287,-39.845533333333336,89.079075,2025-04-01 18:44:30,77,2903768,303.8,11.682,35.022
288,-39.845533333333336,89.079075,2025-04-01 18:44:30,77,2903768,304.7,11.675,35.021
289,-39.845533333333336,89.079075,2025-04-01 18:44:30,77,2903768,305.7,11.67,35.02
290,-39.845533333333336,89.079075,2025-04-01 18:44:30,77,2903768,306.6,11.668,35.02
291,-39.845533333333336,89.079075,2025-04-01 18:44:30,77,2903768,307.6,11.646,35.017
292,-39.845533333333336,89.079075,2025-04-01 18:44:30,77,2903768,308.5,11.638,35.013
293,-39.845533333333336,89.079075,2025-04-01 18:44:30,77,2903768,309.9,11.632,35.013
294,-39.845533333333336,89.079075,2025-04-01 18:44:30,77,2903768,311.4,11.622,35.012
295,-39.845533333333336,89.079075,2025-04-01 18:44:30,77,2903768,312.3,11.614,35.01
296,-39.845533333333336,89.079075,2025-04-01 18:44:30,77,2903768,313.2,11.609,35.006
297,-39.845533333333336,89.079075,2025-04-01 18:44:30,77,2903768,314.2,11.593,35.005
298,-39.845533333333336,89.079075,2025-04-01 18:44:30,77,2903768,315.1,11.589,35.005
299,-39.845533333333336,89.079075,2025-04-01 18:44:30,77,2903768,316.1,11.585,35.002
300,-39.845533333333336,89.079075,2025-04-01 18:44:30,77,2903768,317.0,11.576,35.002
301,-39.845533333333336,89.079075,2025-04-01 18:44:30,77,2903768,318.0,11.57,34.997
302,-39.845533333333336,89.079075,2025-04-01 18:44:30,77,2903768,318.9,11.545,34.994
303,-39.845533333333336,89.079075,2025-04-01 18:44:30,77,2903768,319.8,11.529,34.993
304,-39.845533333333336,89.079075,2025-04-01 18:44:30,77,2903768,320.8,11.521,34.991
305,-39.845533333333336,89.079075,2025-04-01 18:44:30,77,2903768,321.7,11.519,34.991
306,-39.845533333333336,89.079075,2025-04-01 18:44:30,77,2903768,322.7,11.514,34.987
307,-39.845533333333336,89.079075,2025-04-01 18:44:30,77,2903768,323.6,11.515,34.988
308,-39.845533333333336,89.079075,2025-04-01 18:44:30,77,2903768,324.6,11.5,34.986
309,-39.845533333333336,89.079075,2025-04-01 18:44:30,77,2903768,325.5,11.496,34.985
310,-39.845533333333336,89.079075,2025-04-01 18:44:30,77,2903768,326.9,11.487,34.984
311,-39.845533333333336,89.079075,2025-04-01 18:44:30,77,2903768,328.4,11.485,34.983
312,-39.845533333333336,89.079075,2025-04-01 18:44:30,77,2903768,329.3,11.485,34.982
313,-39.845533333333336,89.079075,2025-04-01 18:44:30,77,2903768,330.3,11.478,34.982
314,-39.845533333333336,89.079075,2025-04-01 18:44:30,77,2903768,331.3,11.471,34.982
315,-39.845533333333336,89.079075,2025-04-01 18:44:30,77,2903768,332.2,11.466,34.98
316,-39.845533333333336,89.079075,2025-04-01 18:44:30,77,2903768,333.2,11.461,34.979
317,-39.845533333333336,89.079075,2025-04-01 18:44:30,77,2903768,334.1,11.456,34.979
318,-39.845533333333336,89.079075,2025-04-01 18:44:30,77,2903768,335.1,11.448,34.979
319,-39.845533333333336,89.079075,2025-04-01 18:44:30,77,2903768,336.1,11.448,34.978
320,-39.845533333333336,89.079075,2025-04-01 18:44:30,77,2903768,337.0,11.445,34.977
321,-39.845533333333336,89.079075,2025-04-01 18:44:30,77,2903768,338.0,11.445,34.978
322,-39.845533333333336,89.079075,2025-04-01 18:44:30,77,2903768,339.0,11.444,34.978
323,-39.845533333333336,89.079075,2025-04-01 18:44:30,77,2903768,339.9,11.441,34.977
324,-39.845533333333336,89.079075,2025-04-01 18:44:30,77,2903768,340.9,11.435,34.977
325,-39.845533333333336,89.079075,2025-04-01 18:44:30,77,2903768,341.9,11.432,34.976
326,-39.845533333333336,89.079075,2025-04-01 18:44:30,77,2903768,342.9,11.432,34.974
327,-39.845533333333336,89.079075,2025-04-01 18:44:30,77,2903768,343.8,11.424,34.975
328,-39.845533333333336,89.079075,2025-04-01 18:44:30,77,2903768,344.8,11.422,34.974
329,-39.845533333333336,89.079075,2025-04-01 18:44:30,77,2903768,345.8,11.419,34.973
330,-39.845533333333336,89.079075,2025-04-01 18:44:30,77,2903768,346.8,11.418,34.973
331,-39.845533333333336,89.079075,2025-04-01 18:44:30,77,2903768,347.8,11.412,34.972
332,-39.845533333333336,89.079075,2025-04-01 18:44:30,77,2903768,348.8,11.408,34.973
333,-39.845533333333336,89.079075,2025-04-01 18:44:30,77,2903768,349.8,11.406,34.972
334,-39.845533333333336,89.079075,2025-04-01 18:44:30,77,2903768,350.8,11.401,34.972
335,-39.845533333333336,89.079075,2025-04-01 18:44:30,77,2903768,351.9,11.398,34.97
336,-39.845533333333336,89.079075,2025-04-01 18:44:30,77,2903768,352.9,11.396,34.969
337,-39.845533333333336,89.079075,2025-04-01 18:44:30,77,2903768,353.9,11.392,34.969
338,-39.845533333333336,89.079075,2025-04-01 18:44:30,77,2903768,354.9,11.385,34.969
339,-39.845533333333336,89.079075,2025-04-01 18:44:30,77,2903768,355.9,11.382,34.968
340,-39.845533333333336,89.079075,2025-04-01 18:44:30,77,2903768,357.0,11.375,34.967
341,-39.845533333333336,89.079075,2025-04-01 18:44:30,77,2903768,358.0,11.369,34.966
342,-39.845533333333336,89.079075,2025-04-01 18:44:30,77,2903768,359.0,11.364,34.965
343,-39.845533333333336,89.079075,2025-04-01 18:44:30,77,2903768,360.1,11.36,34.965
344,-39.845533333333336,89.079075,2025-04-01 18:44:30,77,2903768,361.1,11.356,34.964
345,-39.845533333333336,89.079075,2025-04-01 18:44:30,77,2903768,362.2,11.354,34.964
346,-39.845533333333336,89.079075,2025-04-01 18:44:30,77,2903768,363.2,11.349,34.963
347,-39.845533333333336,89.079075,2025-04-01 18:44:30,77,2903768,364.3,11.347,34.963
348,-39.845533333333336,89.079075,2025-04-01 18:44:30,77,2903768,365.3,11.346,34.962
349,-39.845533333333336,89.079075,2025-04-01 18:44:30,77,2903768,366.4,11.342,34.962
350,-39.845533333333336,89.079075,2025-04-01 18:44:30,77,2903768,367.4,11.339,34.962
351,-39.845533333333336,89.079075,2025-04-01 18:44:30,77,2903768,368.5,11.336,34.96
352,-39.845533333333336,89.079075,2025-04-01 18:44:30,77,2903768,369.6,11.329,34.96
353,-39.845533333333336,89.079075,2025-04-01 18:44:30,77,2903768,370.6,11.323,34.958
354,-39.845533333333336,89.079075,2025-04-01 18:44:30,77,2903768,371.7,11.317,34.958
355,-39.845533333333336,89.079075,2025-04-01 18:44:30,77,2903768,372.7,11.314,34.957
356,-39.845533333333336,89.079075,2025-04-01 18:44:30,77,2903768,373.8,11.309,34.957
357,-39.845533333333336,89.079075,2025-04-01 18:44:30,77,2903768,374.9,11.306,34.956
358,-39.845533333333336,89.079075,2025-04-01 18:44:30,77,2903768,376.0,11.304,34.955
359,-39.845533333333336,89.079075,2025-04-01 18:44:30,77,2903768,377.1,11.299,34.955
360,-39.845533333333336,89.079075,2025-04-01 18:44:30,77,2903768,378.1,11.292,34.955
361,-39.845533333333336,89.079075,2025-04-01 18:44:30,77,2903768,379.3,11.292,34.953
362,-39.845533333333336,89.079075,2025-04-01 18:44:30,77,2903768,380.4,11.292,34.953
363,-39.845533333333336,89.079075,2025-04-01 18:44:30,77,2903768,381.5,11.293,34.954
364,-39.845533333333336,89.079075,2025-04-01 18:44:30,77,2903768,382.6,11.294,34.955
365,-39.845533333333336,89.079075,2025-04-01 18:44:30,77,2903768,383.7,11.291,34.954
366,-39.845533333333336,89.079075,2025-04-01 18:44:30,77,2903768,384.8,11.289,34.954
367,-39.845533333333336,89.079075,2025-04-01 18:44:30,77,2903768,385.9,11.285,34.954
368,-39.845533333333336,89.079075,2025-04-01 18:44:30,77,2903768,387.0,11.28,34.953
369,-39.845533333333336,89.079075,2025-04-01 18:44:30,77,2903768,388.1,11.276,34.953
370,-39.845533333333336,89.079075,2025-04-01 18:44:30,77,2903768,389.3,11.284,34.955
371,-39.845533333333336,89.079075,2025-04-01 18:44:30,77,2903768,390.4,11.285,34.955
372,-39.845533333333336,89.079075,2025-04-01 18:44:30,77,2903768,391.5,11.285,34.955
373,-39.845533333333336,89.079075,2025-04-01 18:44:30,77,2903768,392.6,11.285,34.955
374,-39.845533333333336,89.079075,2025-04-01 18:44:30,77,2903768,393.7,11.285,34.955
375,-39.845533333333336,89.079075,2025-04-01 18:44:30,77,2903768,394.8,11.285,34.955
376,-39.845533333333336,89.079075,2025-04-01 18:44:30,77,2903768,395.9,11.282,34.955
377,-39.845533333333336,89.079075,2025-04-01 18:44:30,77,2903768,397.0,11.282,34.955
378,-39.845533333333336,89.079075,2025-04-01 18:44:30,77,2903768,398.2,11.283,34.955
379,-39.845533333333336,89.079075,2025-04-01 18:44:30,77,2903768,399.3,11.281,34.955
380,-39.845533333333336,89.079075,2025-04-01 18:44:30,77,2903768,401.0,11.281,34.955
381,-39.845533333333336,89.079075,2025-04-01 18:44:30,77,2903768,403.3,11.277,34.956
382,-39.845533333333336,89.079075,2025-04-01 18:44:30,77,2903768,405.5,11.272,34.954
383,-39.845533333333336,89.079075,2025-04-01 18:44:30,77,2903768,407.8,11.263,34.953
384,-39.845533333333336,89.079075,2025-04-01 18:44:30,77,2903768,409.6,11.26,34.954
385,-39.845533333333336,89.079075,2025-04-01 18:44:30,77,2903768,411.3,11.255,34.953
386,-39.845533333333336,89.079075,2025-04-01 18:44:30,77,2903768,413.6,11.25,34.952
387,-39.845533333333336,89.079075,2025-04-01 18:44:30,77,2903768,415.4,11.247,34.951
388,-39.845533333333336,89.079075,2025-04-01 18:44:30,77,2903768,417.1,11.246,34.951
389,-39.845533333333336,89.079075,2025-04-01 18:44:30,77,2903768,419.4,11.238,34.951
390,-39.845533333333336,89.079075,2025-04-01 18:44:30,77,2903768,421.7,11.233,34.95
391,-39.845533333333336,89.079075,2025-04-01 18:44:30,77,2903768,423.5,11.226,34.949
392,-39.845533333333336,89.079075,2025-04-01 18:44:30,77,2903768,425.3,11.224,34.95
393,-39.845533333333336,89.079075,2025-04-01 18:44:30,77,2903768,427.6,11.221,34.949
394,-39.845533333333336,89.079075,2025-04-01 18:44:30,77,2903768,429.4,11.218,34.949
395,-39.845533333333336,89.079075,2025-04-01 18:44:30,77,2903768,431.2,11.218,34.949
396,-39.845533333333336,89.079075,2025-04-01 18:44:30,77,2903768,433.5,11.21,34.948
397,-39.845533333333336,89.079075,2025-04-01 18:44:30,77,2903768,435.3,11.21,34.949
398,-39.845533333333336,89.079075,2025-04-01 18:44:30,77,2903768,437.0,11.208,34.949
399,-39.845533333333336,89.079075,2025-04-01 18:44:30,77,2903768,439.4,11.205,34.948
400,-39.845533333333336,89.079075,2025-04-01 18:44:30,77,2903768,441.7,11.205,34.948
401,-39.845533333333336,89.079075,2025-04-01 18:44:30,77,2903768,443.5,11.207,34.949
402,-39.845533333333336,89.079075,2025-04-01 18:44:30,77,2903768,445.2,11.204,34.949
403,-39.845533333333336,89.079075,2025-04-01 18:44:30,77,2903768,447.6,11.2,34.949
404,-39.845533333333336,89.079075,2025-04-01 18:44:30,77,2903768,449.3,11.195,34.948
405,-39.845533333333336,89.079075,2025-04-01 18:44:30,77,2903768,451.0,11.192,34.947
406,-39.845533333333336,89.079075,2025-04-01 18:44:30,77,2903768,453.4,11.189,34.947
407,-39.845533333333336,89.079075,2025-04-01 18:44:30,77,2903768,455.7,11.192,34.948
408,-39.845533333333336,89.079075,2025-04-01 18:44:30,77,2903768,457.5,11.189,34.948
409,-39.845533333333336,89.079075,2025-04-01 18:44:30,77,2903768,459.2,11.171,34.945
410,-39.845533333333336,89.079075,2025-04-01 18:44:30,77,2903768,461.5,11.166,34.944
411,-39.845533333333336,89.079075,2025-04-01 18:44:30,77,2903768,463.3,11.157,34.941
412,-39.845533333333336,89.079075,2025-04-01 18:44:30,77,2903768,465.1,11.145,34.94
413,-39.845533333333336,89.079075,2025-04-01 18:44:30,77,2903768,467.4,11.136,34.939
414,-39.845533333333336,89.079075,2025-04-01 18:44:30,77,2903768,469.7,11.133,34.938
415,-39.845533333333336,89.079075,2025-04-01 18:44:30,77,2903768,471.5,11.133,34.937
416,-39.845533333333336,89.079075,2025-04-01 18:44:30,77,2903768,473.2,11.114,34.936
417,-39.845533333333336,89.079075,2025-04-01 18:44:30,77,2903768,475.5,11.106,34.934
418,-39.845533333333336,89.079075,2025-04-01 18:44:30,77,2903768,477.8,11.103,34.933
419,-39.845533333333336,89.079075,2025-04-01 18:44:30,77,2903768,479.6,11.099,34.933
420,-39.845533333333336,89.079075,2025-04-01 18:44:30,77,2903768,481.3,11.093,34.931
421,-39.845533333333336,89.079075,2025-04-01 18:44:30,77,2903768,483.6,11.086,34.93
422,-39.845533333333336,89.079075,2025-04-01 18:44:30,77,2903768,485.8,11.08,34.929
423,-39.845533333333336,89.079075,2025-04-01 18:44:30,77,2903768,487.6,11.075,34.928
424,-39.845533333333336,89.079075,2025-04-01 18:44:30,77,2903768,489.3,11.065,34.926
425,-39.845533333333336,89.079075,2025-04-01 18:44:30,77,2903768,491.6,11.049,34.924
426,-39.845533333333336,89.079075,2025-04-01 18:44:30,77,2903768,493.8,11.046,34.923
427,-39.845533333333336,89.079075,2025-04-01 18:44:30,77,2903768,495.6,11.038,34.922
428,-39.845533333333336,89.079075,2025-04-01 18:44:30,77,2903768,497.2,11.033,34.92
429,-39.845533333333336,89.079075,2025-04-01 18:44:30,77,2903768,499.5,11.029,34.92
430,-39.845533333333336,89.079075,2025-04-01 18:44:30,77,2903768,501.8,11.017,34.919
431,-39.845533333333336,89.079075,2025-04-01 18:44:30,77,2903768,503.5,10.999,34.914
432,-39.845533333333336,89.079075,2025-04-01 18:44:30,77,2903768,505.1,10.997,34.915
433,-39.845533333333336,89.079075,2025-04-01 18:44:30,77,2903768,507.3,10.991,34.915
434,-39.845533333333336,89.079075,2025-04-01 18:44:30,77,2903768,509.5,10.965,34.909
435,-39.845533333333336,89.079075,2025-04-01 18:44:30,77,2903768,511.7,10.956,34.908
436,-39.845533333333336,89.079075,2025-04-01 18:44:30,77,2903768,513.4,10.954,34.907
437,-39.845533333333336,89.079075,2025-04-01 18:44:30,77,2903768,515.1,10.949,34.906
438,-39.845533333333336,89.079075,2025-04-01 18:44:30,77,2903768,517.3,10.941,34.904
439,-39.845533333333336,89.079075,2025-04-01 18:44:30,77,2903768,519.5,10.929,34.902
440,-39.845533333333336,89.079075,2025-04-01 18:44:30,77,2903768,521.7,10.908,34.898
441,-39.845533333333336,89.079075,2025-04-01 18:44:30,77,2903768,523.4,10.892,34.895
442,-39.845533333333336,89.079075,2025-04-01 18:44:30,77,2903768,525.0,10.883,34.894
443,-39.845533333333336,89.079075,2025-04-01 18:44:30,77,2903768,527.2,10.876,34.893
444,-39.845533333333336,89.079075,2025-04-01 18:44:30,77,2903768,529.4,10.862,34.891
445,-39.845533333333336,89.079075,2025-04-01 18:44:30,77,2903768,531.6,10.844,34.888
446,-39.845533333333336,89.079075,2025-04-01 18:44:30,77,2903768,533.8,10.84,34.887
447,-39.845533333333336,89.079075,2025-04-01 18:44:30,77,2903768,535.5,10.832,34.885
448,-39.845533333333336,89.079075,2025-04-01 18:44:30,77,2903768,537.1,10.83,34.884
449,-39.845533333333336,89.079075,2025-04-01 18:44:30,77,2903768,539.3,10.826,34.883
450,-39.845533333333336,89.079075,2025-04-01 18:44:30,77,2903768,541.5,10.818,34.882
451,-39.845533333333336,89.079075,2025-04-01 18:44:30,77,2903768,543.7,10.796,34.879
452,-39.845533333333336,89.079075,2025-04-01 18:44:30,77,2903768,545.8,10.775,34.875
453,-39.845533333333336,89.079075,2025-04-01 18:44:30,77,2903768,547.5,10.768,34.873
454,-39.845533333333336,89.079075,2025-04-01 18:44:30,77,2903768,549.1,10.745,34.87
455,-39.845533333333336,89.079075,2025-04-01 18:44:30,77,2903768,551.3,10.719,34.867
456,-39.845533333333336,89.079075,2025-04-01 18:44:30,77,2903768,553.5,10.709,34.865
457,-39.845533333333336,89.079075,2025-04-01 18:44:30,77,2903768,555.6,10.698,34.863
458,-39.845533333333336,89.079075,2025-04-01 18:44:30,77,2903768,557.7,10.685,34.861
459,-39.845533333333336,89.079075,2025-04-01 18:44:30,77,2903768,559.8,10.671,34.858
460,-39.845533333333336,89.079075,2025-04-01 18:44:30,77,2903768,561.5,10.657,34.856
461,-39.845533333333336,89.079075,2025-04-01 18:44:30,77,2903768,563.0,10.638,34.853
462,-39.845533333333336,89.079075,2025-04-01 18:44:30,77,2903768,565.4,10.625,34.851
463,-39.845533333333336,89.079075,2025-04-01 18:44:30,77,2903768,567.5,10.621,34.852
464,-39.845533333333336,89.079075,2025-04-01 18:44:30,77,2903768,569.6,10.615,34.849
465,-39.845533333333336,89.079075,2025-04-01 18:44:30,77,2903768,571.6,10.592,34.844
466,-39.845533333333336,89.079075,2025-04-01 18:44:30,77,2903768,573.2,10.587,34.845
467,-39.845533333333336,89.079075,2025-04-01 18:44:30,77,2903768,575.3,10.576,34.841
468,-39.845533333333336,89.079075,2025-04-01 18:44:30,77,2903768,577.4,10.557,34.841
469,-39.845533333333336,89.079075,2025-04-01 18:44:30,77,2903768,579.5,10.526,34.835
470,-39.845533333333336,89.079075,2025-04-01 18:44:30,77,2903768,581.7,10.511,34.833
471,-39.845533333333336,89.079075,2025-04-01 18:44:30,77,2903768,583.4,10.49,34.83
472,-39.845533333333336,89.079075,2025-04-01 18:44:30,77,2903768,585.1,10.45,34.824
473,-39.845533333333336,89.079075,2025-04-01 18:44:30,77,2903768,587.3,10.414,34.819
474,-39.845533333333336,89.079075,2025-04-01 18:44:30,77,2903768,589.5,10.4,34.817
475,-39.845533333333336,89.079075,2025-04-01 18:44:30,77,2903768,591.2,10.391,34.815
476,-39.845533333333336,89.079075,2025-04-01 18:44:30,77,2903768,593.4,10.365,34.811
477,-39.845533333333336,89.079075,2025-04-01 18:44:30,77,2903768,595.6,10.341,34.807
478,-39.845533333333336,89.079075,2025-04-01 18:44:30,77,2903768,597.3,10.301,34.803
479,-39.845533333333336,89.079075,2025-04-01 18:44:30,77,2903768,599.1,10.29,34.801
480,-39.845533333333336,89.079075,2025-04-01 18:44:30,77,2903768,601.4,10.256,34.797
481,-39.845533333333336,89.079075,2025-04-01 18:44:30,77,2903768,603.6,10.236,34.793
482,-39.845533333333336,89.079075,2025-04-01 18:44:30,77,2903768,605.5,10.217,34.792
483,-39.845533333333336,89.079075,2025-04-01 18:44:30,77,2903768,607.3,10.207,34.788
484,-39.845533333333336,89.079075,2025-04-01 18:44:30,77,2903768,609.2,10.176,34.785
485,-39.845533333333336,89.079075,2025-04-01 18:44:30,77,2903768,611.1,10.149,34.78
486,-39.845533333333336,89.079075,2025-04-01 18:44:30,77,2903768,613.4,10.127,34.774
487,-39.845533333333336,89.079075,2025-04-01 18:44:30,77,2903768,615.8,10.074,34.767
488,-39.845533333333336,89.079075,2025-04-01 18:44:30,77,2903768,617.7,10.029,34.762
489,-39.845533333333336,89.079075,2025-04-01 18:44:30,77,2903768,619.6,10.01,34.759
490,-39.845533333333336,89.079075,2025-04-01 18:44:30,77,2903768,621.5,9.998,34.757
491,-39.845533333333336,89.079075,2025-04-01 18:44:30,77,2903768,623.4,9.975,34.755
492,-39.845533333333336,89.079075,2025-04-01 18:44:30,77,2903768,625.4,9.957,34.752
493,-39.845533333333336,89.079075,2025-04-01 18:44:30,77,2903768,627.3,9.939,34.748
494,-39.845533333333336,89.079075,2025-04-01 18:44:30,77,2903768,629.2,9.907,34.745
495,-39.845533333333336,89.079075,2025-04-01 18:44:30,77,2903768,631.2,9.867,34.74
496,-39.845533333333336,89.079075,2025-04-01 18:44:30,77,2903768,633.2,9.86,34.738
497,-39.845533333333336,89.079075,2025-04-01 18:44:30,77,2903768,635.1,9.843,34.737
498,-39.845533333333336,89.079075,2025-04-01 18:44:30,77,2903768,637.1,9.817,34.733
499,-39.845533333333336,89.079075,2025-04-01 18:44:30,77,2903768,639.0,9.798,34.731
500,-39.845533333333336,89.079075,2025-04-01 18:44:30,77,2903768,641.4,9.78,34.728
501,-39.845533333333336,89.079075,2025-04-01 18:44:30,77,2903768,643.9,9.743,34.723
502,-39.845533333333336,89.079075,2025-04-01 18:44:30,77,2903768,645.8,9.714,34.719
503,-39.845533333333336,89.079075,2025-04-01 18:44:30,77,2903768,647.8,9.676,34.717
504,-39.845533333333336,89.079075,2025-04-01 18:44:30,77,2903768,649.7,9.653,34.713
505,-39.845533333333336,89.079075,2025-04-01 18:44:30,77,2903768,651.7,9.639,34.71
506,-39.845533333333336,89.079075,2025-04-01 18:44:30,77,2903768,653.7,9.631,34.71
507,-39.845533333333336,89.079075,2025-04-01 18:44:30,77,2903768,655.7,9.615,34.708
508,-39.845533333333336,89.079075,2025-04-01 18:44:30,77,2903768,657.8,9.605,34.706
509,-39.845533333333336,89.079075,2025-04-01 18:44:30,77,2903768,659.8,9.584,34.705
510,-39.845533333333336,89.079075,2025-04-01 18:44:30,77,2903768,661.7,9.557,34.701
511,-39.845533333333336,89.079075,2025-04-01 18:44:30,77,2903768,663.7,9.544,34.699
512,-39.845533333333336,89.079075,2025-04-01 18:44:30,77,2903768,665.7,9.518,34.695
513,-39.845533333333336,89.079075,2025-04-01 18:44:30,77,2903768,667.6,9.47,34.692
514,-39.845533333333336,89.079075,2025-04-01 18:44:30,77,2903768,669.6,9.46,34.692
515,-39.845533333333336,89.079075,2025-04-01 18:44:30,77,2903768,671.6,9.456,34.69
516,-39.845533333333336,89.079075,2025-04-01 18:44:30,77,2903768,673.5,9.444,34.689
517,-39.845533333333336,89.079075,2025-04-01 18:44:30,77,2903768,675.5,9.405,34.686
518,-39.845533333333336,89.079075,2025-04-01 18:44:30,77,2903768,677.4,9.379,34.682
519,-39.845533333333336,89.079075,2025-04-01 18:44:30,77,2903768,679.4,9.356,34.68
520,-39.845533333333336,89.079075,2025-04-01 18:44:30,77,2903768,681.4,9.336,34.677
521,-39.845533333333336,89.079075,2025-04-01 18:44:30,77,2903768,683.3,9.322,34.676
522,-39.845533333333336,89.079075,2025-04-01 18:44:30,77,2903768,685.2,9.299,34.675
523,-39.845533333333336,89.079075,2025-04-01 18:44:30,77,2903768,687.2,9.271,34.67
524,-39.845533333333336,89.079075,2025-04-01 18:44:30,77,2903768,689.2,9.246,34.668
525,-39.845533333333336,89.079075,2025-04-01 18:44:30,77,2903768,691.2,9.237,34.667
526,-39.845533333333336,89.079075,2025-04-01 18:44:30,77,2903768,693.1,9.226,34.666
527,-39.845533333333336,89.079075,2025-04-01 18:44:30,77,2903768,695.1,9.224,34.666
528,-39.845533333333336,89.079075,2025-04-01 18:44:30,77,2903768,697.1,9.22,34.666
529,-39.845533333333336,89.079075,2025-04-01 18:44:30,77,2903768,699.1,9.22,34.665
530,-39.845533333333336,89.079075,2025-04-01 18:44:30,77,2903768,701.1,9.216,34.663
531,-39.845533333333336,89.079075,2025-04-01 18:44:30,77,2903768,703.0,9.207,34.663
532,-39.845533333333336,89.079075,2025-04-01 18:44:30,77,2903768,705.4,9.184,34.661
533,-39.845533333333336,89.079075,2025-04-01 18:44:30,77,2903768,707.8,9.13,34.655
534,-39.845533333333336,89.079075,2025-04-01 18:44:30,77,2903768,709.8,9.108,34.653
535,-39.845533333333336,89.079075,2025-04-01 18:44:30,77,2903768,711.8,9.093,34.651
536,-39.845533333333336,89.079075,2025-04-01 18:44:30,77,2903768,713.8,9.081,34.65
537,-39.845533333333336,89.079075,2025-04-01 18:44:30,77,2903768,715.7,9.065,34.648
538,-39.845533333333336,89.079075,2025-04-01 18:44:30,77,2903768,717.7,9.046,34.646
539,-39.845533333333336,89.079075,2025-04-01 18:44:30,77,2903768,719.7,9.035,34.645
540,-39.845533333333336,89.079075,2025-04-01 18:44:30,77,2903768,721.7,9.028,34.644
541,-39.845533333333336,89.079075,2025-04-01 18:44:30,77,2903768,723.7,9.014,34.642
542,-39.845533333333336,89.079075,2025-04-01 18:44:30,77,2903768,725.7,8.984,34.639
543,-39.845533333333336,89.079075,2025-04-01 18:44:30,77,2903768,727.7,8.968,34.637
544,-39.845533333333336,89.079075,2025-04-01 18:44:30,77,2903768,729.7,8.938,34.634
545,-39.845533333333336,89.079075,2025-04-01 18:44:30,77,2903768,731.6,8.89,34.627
546,-39.845533333333336,89.079075,2025-04-01 18:44:30,77,2903768,733.6,8.882,34.627
547,-39.845533333333336,89.079075,2025-04-01 18:44:30,77,2903768,735.6,8.857,34.626
548,-39.845533333333336,89.079075,2025-04-01 18:44:30,77,2903768,737.6,8.84,34.623
549,-39.845533333333336,89.079075,2025-04-01 18:44:30,77,2903768,739.6,8.821,34.621
550,-39.845533333333336,89.079075,2025-04-01 18:44:30,77,2903768,741.5,8.786,34.62
551,-39.845533333333336,89.079075,2025-04-01 18:44:30,77,2903768,743.5,8.775,34.617
552,-39.845533333333336,89.079075,2025-04-01 18:44:30,77,2903768,745.4,8.768,34.616
553,-39.845533333333336,89.079075,2025-04-01 18:44:30,77,2903768,747.4,8.721,34.615
554,-39.845533333333336,89.079075,2025-04-01 18:44:30,77,2903768,749.4,8.699,34.609
555,-39.845533333333336,89.079075,2025-04-01 18:44:30,77,2903768,751.3,8.69,34.608
556,-39.845533333333336,89.079075,2025-04-01 18:44:30,77,2903768,753.3,8.661,34.605
557,-39.845533333333336,89.079075,2025-04-01 18:44:30,77,2903768,755.3,8.633,34.604
558,-39.845533333333336,89.079075,2025-04-01 18:44:30,77,2903768,757.4,8.594,34.599
559,-39.845533333333336,89.079075,2025-04-01 18:44:30,77,2903768,759.4,8.557,34.597
560,-39.845533333333336,89.079075,2025-04-01 18:44:30,77,2903768,761.4,8.537,34.594
561,-39.845533333333336,89.079075,2025-04-01 18:44:30,77,2903768,763.4,8.52,34.591
562,-39.845533333333336,89.079075,2025-04-01 18:44:30,77,2903768,765.4,8.493,34.59
563,-39.845533333333336,89.079075,2025-04-01 18:44:30,77,2903768,767.3,8.483,34.587
564,-39.845533333333336,89.079075,2025-04-01 18:44:30,77,2903768,769.2,8.445,34.585
565,-39.845533333333336,89.079075,2025-04-01 18:44:30,77,2903768,771.2,8.388,34.579
566,-39.845533333333336,89.079075,2025-04-01 18:44:30,77,2903768,773.2,8.332,34.577
567,-39.845533333333336,89.079075,2025-04-01 18:44:30,77,2903768,775.3,8.303,34.571
568,-39.845533333333336,89.079075,2025-04-01 18:44:30,77,2903768,777.3,8.302,34.57
569,-39.845533333333336,89.079075,2025-04-01 18:44:30,77,2903768,779.4,8.288,34.572
570,-39.845533333333336,89.079075,2025-04-01 18:44:30,77,2903768,781.4,8.252,34.568
571,-39.845533333333336,89.079075,2025-04-01 18:44:30,77,2903768,783.4,8.225,34.564
572,-39.845533333333336,89.079075,2025-04-01 18:44:30,77,2903768,785.4,8.2,34.561
573,-39.845533333333336,89.079075,2025-04-01 18:44:30,77,2903768,787.5,8.189,34.56
574,-39.845533333333336,89.079075,2025-04-01 18:44:30,77,2903768,789.5,8.15,34.557
575,-39.845533333333336,89.079075,2025-04-01 18:44:30,77,2903768,791.5,8.129,34.553
576,-39.845533333333336,89.079075,2025-04-01 18:44:30,77,2903768,793.5,8.103,34.551
577,-39.845533333333336,89.079075,2025-04-01 18:44:30,77,2903768,795.6,8.062,34.548
578,-39.845533333333336,89.079075,2025-04-01 18:44:30,77,2903768,797.7,8.047,34.545
579,-39.845533333333336,89.079075,2025-04-01 18:44:30,77,2903768,799.8,8.03,34.543
580,-39.845533333333336,89.079075,2025-04-01 18:44:30,77,2903768,801.8,8.001,34.542
581,-39.845533333333336,89.079075,2025-04-01 18:44:30,77,2903768,803.9,7.97,34.54
582,-39.845533333333336,89.079075,2025-04-01 18:44:30,77,2903768,805.5,7.958,34.537
583,-39.845533333333336,89.079075,2025-04-01 18:44:30,77,2903768,807.0,7.925,34.534
584,-39.845533333333336,89.079075,2025-04-01 18:44:30,77,2903768,809.1,7.905,34.532
585,-39.845533333333336,89.079075,2025-04-01 18:44:30,77,2903768,811.2,7.891,34.53
586,-39.845533333333336,89.079075,2025-04-01 18:44:30,77,2903768,813.3,7.861,34.528
587,-39.845533333333336,89.079075,2025-04-01 18:44:30,77,2903768,815.4,7.831,34.526
588,-39.845533333333336,89.079075,2025-04-01 18:44:30,77,2903768,817.5,7.81,34.523
589,-39.845533333333336,89.079075,2025-04-01 18:44:30,77,2903768,819.5,7.777,34.521
590,-39.845533333333336,89.079075,2025-04-01 18:44:30,77,2903768,821.6,7.742,34.518
591,-39.845533333333336,89.079075,2025-04-01 18:44:30,77,2903768,823.7,7.716,34.518
592,-39.845533333333336,89.079075,2025-04-01 18:44:30,77,2903768,825.8,7.698,34.517
593,-39.845533333333336,89.079075,2025-04-01 18:44:30,77,2903768,827.9,7.681,34.515
594,-39.845533333333336,89.079075,2025-04-01 18:44:30,77,2903768,829.4,7.669,34.515
595,-39.845533333333336,89.079075,2025-04-01 18:44:30,77,2903768,831.0,7.651,34.512
596,-39.845533333333336,89.079075,2025-04-01 18:44:30,77,2903768,833.4,7.616,34.509
597,-39.845533333333336,89.079075,2025-04-01 18:44:30,77,2903768,835.6,7.561,34.507
598,-39.845533333333336,89.079075,2025-04-01 18:44:30,77,2903768,837.3,7.528,34.504
599,-39.845533333333336,89.079075,2025-04-01 18:44:30,77,2903768,839.4,7.499,34.502
600,-39.845533333333336,89.079075,2025-04-01 18:44:30,77,2903768,841.4,7.486,34.501
601,-39.845533333333336,89.079075,2025-04-01 18:44:30,77,2903768,843.4,7.477,34.501
602,-39.845533333333336,89.079075,2025-04-01 18:44:30,77,2903768,845.4,7.463,34.5
603,-39.845533333333336,89.079075,2025-04-01 18:44:30,77,2903768,847.4,7.397,34.494
604,-39.845533333333336,89.079075,2025-04-01 18:44:30,77,2903768,849.4,7.346,34.491
605,-39.845533333333336,89.079075,2025-04-01 18:44:30,77,2903768,851.4,7.32,34.487
606,-39.845533333333336,89.079075,2025-04-01 18:44:30,77,2903768,853.4,7.266,34.483
607,-39.845533333333336,89.079075,2025-04-01 18:44:30,77,2903768,855.4,7.233,34.478
608,-39.845533333333336,89.079075,2025-04-01 18:44:30,77,2903768,857.4,7.21,34.478
609,-39.845533333333336,89.079075,2025-04-01 18:44:30,77,2903768,859.4,7.197,34.477
610,-39.845533333333336,89.079075,2025-04-01 18:44:30,77,2903768,861.5,7.19,34.475
611,-39.845533333333336,89.079075,2025-04-01 18:44:30,77,2903768,863.5,7.148,34.474
612,-39.845533333333336,89.079075,2025-04-01 18:44:30,77,2903768,865.7,7.111,34.471
613,-39.845533333333336,89.079075,2025-04-01 18:44:30,77,2903768,867.3,7.096,34.469
614,-39.845533333333336,89.079075,2025-04-01 18:44:30,77,2903768,869.5,7.067,34.466
615,-39.845533333333336,89.079075,2025-04-01 18:44:30,77,2903768,871.6,7.03,34.464
616,-39.845533333333336,89.079075,2025-04-01 18:44:30,77,2903768,873.3,7.0,34.462
617,-39.845533333333336,89.079075,2025-04-01 18:44:30,77,2903768,875.5,6.981,34.46
618,-39.845533333333336,89.079075,2025-04-01 18:44:30,77,2903768,877.6,6.965,34.458
619,-39.845533333333336,89.079075,2025-04-01 18:44:30,77,2903768,879.3,6.95,34.456
620,-39.845533333333336,89.079075,2025-04-01 18:44:30,77,2903768,881.5,6.907,34.453
621,-39.845533333333336,89.079075,2025-04-01 18:44:30,77,2903768,883.6,6.858,34.45
622,-39.845533333333336,89.079075,2025-04-01 18:44:30,77,2903768,885.4,6.821,34.448
623,-39.845533333333336,89.079075,2025-04-01 18:44:30,77,2903768,887.1,6.806,34.446
624,-39.845533333333336,89.079075,2025-04-01 18:44:30,77,2903768,889.4,6.796,34.445
625,-39.845533333333336,89.079075,2025-04-01 18:44:30,77,2903768,891.6,6.767,34.442
626,-39.845533333333336,89.079075,2025-04-01 18:44:30,77,2903768,893.3,6.729,34.439
627,-39.845533333333336,89.079075,2025-04-01 18:44:30,77,2903768,895.2,6.683,34.436
628,-39.845533333333336,89.079075,2025-04-01 18:44:30,77,2903768,897.5,6.638,34.43
629,-39.845533333333336,89.079075,2025-04-01 18:44:30,77,2903768,899.7,6.604,34.427
630,-39.845533333333336,89.079075,2025-04-01 18:44:30,77,2903768,901.5,6.565,34.425
631,-39.845533333333336,89.079075,2025-04-01 18:44:30,77,2903768,903.4,6.558,34.422
632,-39.845533333333336,89.079075,2025-04-01 18:44:30,77,2903768,905.2,6.545,34.421
633,-39.845533333333336,89.079075,2025-04-01 18:44:30,77,2903768,907.5,6.521,34.419
634,-39.845533333333336,89.079075,2025-04-01 18:44:30,77,2903768,909.7,6.5,34.416
635,-39.845533333333336,89.079075,2025-04-01 18:44:30,77,2903768,911.5,6.464,34.414
636,-39.845533333333336,89.079075,2025-04-01 18:44:30,77,2903768,913.3,6.417,34.41
637,-39.845533333333336,89.079075,2025-04-01 18:44:30,77,2903768,915.1,6.403,34.408
638,-39.845533333333336,89.079075,2025-04-01 18:44:30,77,2903768,917.4,6.388,34.408
639,-39.845533333333336,89.079075,2025-04-01 18:44:30,77,2903768,919.7,6.357,34.407
640,-39.845533333333336,89.079075,2025-04-01 18:44:30,77,2903768,921.6,6.313,34.403
641,-39.845533333333336,89.079075,2025-04-01 18:44:30,77,2903768,923.4,6.29,34.402
642,-39.845533333333336,89.079075,2025-04-01 18:44:30,77,2903768,925.3,6.27,34.4
643,-39.845533333333336,89.079075,2025-04-01 18:44:30,77,2903768,927.1,6.265,34.399
644,-39.845533333333336,89.079075,2025-04-01 18:44:30,77,2903768,929.5,6.25,34.397
645,-39.845533333333336,89.079075,2025-04-01 18:44:30,77,2903768,931.8,6.204,34.397
646,-39.845533333333336,89.079075,2025-04-01 18:44:30,77,2903768,933.7,6.168,34.394
647,-39.845533333333336,89.079075,2025-04-01 18:44:30,77,2903768,935.6,6.144,34.39
648,-39.845533333333336,89.079075,2025-04-01 18:44:30,77,2903768,937.4,6.131,34.389
649,-39.845533333333336,89.079075,2025-04-01 18:44:30,77,2903768,939.3,6.106,34.39
650,-39.845533333333336,89.079075,2025-04-01 18:44:30,77,2903768,941.2,6.091,34.387
651,-39.845533333333336,89.079075,2025-04-01 18:44:30,77,2903768,943.1,6.089,34.388
652,-39.845533333333336,89.079075,2025-04-01 18:44:30,77,2903768,945.5,6.074,34.388
653,-39.845533333333336,89.079075,2025-04-01 18:44:30,77,2903768,947.8,6.058,34.389
654,-39.845533333333336,89.079075,2025-04-01 18:44:30,77,2903768,949.7,6.044,34.389
655,-39.845533333333336,89.079075,2025-04-01 18:44:30,77,2903768,951.6,6.039,34.389
656,-39.845533333333336,89.079075,2025-04-01 18:44:30,77,2903768,953.6,6.007,34.387
657,-39.845533333333336,89.079075,2025-04-01 18:44:30,77,2903768,955.5,5.994,34.38
658,-39.845533333333336,89.079075,2025-04-01 18:44:30,77,2903768,957.4,5.923,34.372
659,-39.845533333333336,89.079075,2025-04-01 18:44:30,77,2903768,959.3,5.846,34.366
660,-39.845533333333336,89.079075,2025-04-01 18:44:30,77,2903768,961.3,5.82,34.364
661,-39.845533333333336,89.079075,2025-04-01 18:44:30,77,2903768,963.2,5.807,34.362
662,-39.845533333333336,89.079075,2025-04-01 18:44:30,77,2903768,965.1,5.77,34.359
663,-39.845533333333336,89.079075,2025-04-01 18:44:30,77,2903768,967.4,5.738,34.359
664,-39.845533333333336,89.079075,2025-04-01 18:44:30,77,2903768,969.9,5.724,34.358
665,-39.845533333333336,89.079075,2025-04-01 18:44:30,77,2903768,971.8,5.712,34.357
666,-39.845533333333336,89.079075,2025-04-01 18:44:30,77,2903768,973.7,5.692,34.358
667,-39.845533333333336,89.079075,2025-04-01 18:44:30,77,2903768,975.6,5.67,34.355
668,-39.845533333333336,89.079075,2025-04-01 18:44:30,77,2903768,977.5,5.634,34.355
669,-39.845533333333336,89.079075,2025-04-01 18:44:30,77,2903768,979.3,5.615,34.352
670,-39.845533333333336,89.079075,2025-04-01 18:44:30,77,2903768,981.3,5.57,34.35
671,-39.845533333333336,89.079075,2025-04-01 18:44:30,77,2903768,983.2,5.53,34.345
672,-39.845533333333336,89.079075,2025-04-01 18:44:30,77,2903768,985.1,5.509,34.343
673,-39.845533333333336,89.079075,2025-04-01 18:44:30,77,2903768,987.4,5.483,34.343
674,-39.845533333333336,89.079075,2025-04-01 18:44:30,77,2903768,989.8,5.455,34.342
675,-39.845533333333336,89.079075,2025-04-01 18:44:30,77,2903768,991.6,5.438,34.34
676,-39.845533333333336,89.079075,2025-04-01 18:44:30,77,2903768,993.5,5.404,34.338
677,-39.845533333333336,89.079075,2025-04-01 18:44:30,77,2903768,995.4,5.399,34.339
678,-39.845533333333336,89.079075,2025-04-01 18:44:30,77,2903768,997.4,5.385,34.339
679,-39.845533333333336,89.079075,2025-04-01 18:44:30,77,2903768,999.3,5.362,34.337
680,-39.845533333333336,89.079075,2025-04-01 18:44:30,77,2903768,1001.2,5.335,34.335
681,-39.845533333333336,89.079075,2025-04-01 18:44:30,77,2903768,1003.2,5.317,34.334
682,-39.845533333333336,89.079075,2025-04-01 18:44:30,77,2903768,1005.1,5.303,34.332
683,-39.845533333333336,89.079075,2025-04-01 18:44:30,77,2903768,1007.1,5.292,34.33
684,-39.845533333333336,89.079075,2025-04-01 18:44:30,77,2903768,1009.0,5.241,34.328
685,-39.845533333333336,89.079075,2025-04-01 18:44:30,77,2903768,1011.0,5.195,34.322
686,-39.845533333333336,89.079075,2025-04-01 18:44:30,77,2903768,1013.0,5.147,34.317
687,-39.845533333333336,89.079075,2025-04-01 18:44:30,77,2903768,1015.4,5.115,34.314
688,-39.845533333333336,89.079075,2025-04-01 18:44:30,77,2903768,1017.9,5.098,34.314
689,-39.845533333333336,89.079075,2025-04-01 18:44:30,77,2903768,1019.9,5.099,34.316
690,-39.845533333333336,89.079075,2025-04-01 18:44:30,77,2903768,1021.9,5.104,34.32
691,-39.845533333333336,89.079075,2025-04-01 18:44:30,77,2903768,1023.9,5.093,34.323
692,-39.845533333333336,89.079075,2025-04-01 18:44:30,77,2903768,1025.5,5.089,34.324
693,-39.845533333333336,89.079075,2025-04-01 18:44:30,77,2903768,1027.0,5.086,34.324
694,-39.845533333333336,89.079075,2025-04-01 18:44:30,77,2903768,1029.0,5.08,34.323
695,-39.845533333333336,89.079075,2025-04-01 18:44:30,77,2903768,1031.1,5.064,34.323
696,-39.845533333333336,89.079075,2025-04-01 18:44:30,77,2903768,1033.1,5.038,34.32
697,-39.845533333333336,89.079075,2025-04-01 18:44:30,77,2903768,1035.2,4.995,34.319
698,-39.845533333333336,89.079075,2025-04-01 18:44:30,77,2903768,1037.2,4.989,34.32
699,-39.845533333333336,89.079075,2025-04-01 18:44:30,77,2903768,1039.3,4.988,34.32
700,-39.845533333333336,89.079075,2025-04-01 18:44:30,77,2903768,1041.3,4.987,34.32
701,-39.845533333333336,89.079075,2025-04-01 18:44:30,77,2903768,1043.3,4.98,34.319
702,-39.845533333333336,89.079075,2025-04-01 18:44:30,77,2903768,1045.3,4.954,34.318
703,-39.845533333333336,89.079075,2025-04-01 18:44:30,77,2903768,1047.4,4.929,34.317
704,-39.845533333333336,89.079075,2025-04-01 18:44:30,77,2903768,1049.4,4.9,34.316
705,-39.845533333333336,89.079075,2025-04-01 18:44:30,77,2903768,1051.4,4.882,34.317
706,-39.845533333333336,89.079075,2025-04-01 18:44:30,77,2903768,1053.3,4.87,34.317
707,-39.845533333333336,89.079075,2025-04-01 18:44:30,77,2903768,1055.4,4.84,34.314
708,-39.845533333333336,89.079075,2025-04-01 18:44:30,77,2903768,1057.3,4.854,34.32
709,-39.845533333333336,89.079075,2025-04-01 18:44:30,77,2903768,1059.3,4.858,34.325
710,-39.845533333333336,89.079075,2025-04-01 18:44:30,77,2903768,1061.3,4.842,34.324
711,-39.845533333333336,89.079075,2025-04-01 18:44:30,77,2903768,1063.3,4.837,34.323
712,-39.845533333333336,89.079075,2025-04-01 18:44:30,77,2903768,1065.2,4.83,34.323
713,-39.845533333333336,89.079075,2025-04-01 18:44:30,77,2903768,1067.3,4.782,34.321
714,-39.845533333333336,89.079075,2025-04-01 18:44:30,77,2903768,1069.3,4.76,34.321
715,-39.845533333333336,89.079075,2025-04-01 18:44:30,77,2903768,1071.4,4.757,34.322
716,-39.845533333333336,89.079075,2025-04-01 18:44:30,77,2903768,1073.4,4.756,34.321
717,-39.845533333333336,89.079075,2025-04-01 18:44:30,77,2903768,1075.4,4.753,34.321
718,-39.845533333333336,89.079075,2025-04-01 18:44:30,77,2903768,1077.5,4.748,34.322
719,-39.845533333333336,89.079075,2025-04-01 18:44:30,77,2903768,1079.5,4.744,34.321
720,-39.845533333333336,89.079075,2025-04-01 18:44:30,77,2903768,1081.6,4.735,34.322
721,-39.845533333333336,89.079075,2025-04-01 18:44:30,77,2903768,1083.2,4.715,34.322
722,-39.845533333333336,89.079075,2025-04-01 18:44:30,77,2903768,1085.3,4.703,34.323
723,-39.845533333333336,89.079075,2025-04-01 18:44:30,77,2903768,1087.4,4.696,34.322
724,-39.845533333333336,89.079075,2025-04-01 18:44:30,77,2903768,1089.5,4.684,34.322
725,-39.845533333333336,89.079075,2025-04-01 18:44:30,77,2903768,1091.6,4.673,34.322
726,-39.845533333333336,89.079075,2025-04-01 18:44:30,77,2903768,1093.3,4.634,34.321
727,-39.845533333333336,89.079075,2025-04-01 18:44:30,77,2903768,1095.4,4.611,34.319
728,-39.845533333333336,89.079075,2025-04-01 18:44:30,77,2903768,1097.6,4.592,34.318
729,-39.845533333333336,89.079075,2025-04-01 18:44:30,77,2903768,1099.3,4.571,34.317
730,-39.845533333333336,89.079075,2025-04-01 18:44:30,77,2903768,1101.4,4.543,34.314
731,-39.845533333333336,89.079075,2025-04-01 18:44:30,77,2903768,1103.5,4.496,34.312
732,-39.845533333333336,89.079075,2025-04-01 18:44:30,77,2903768,1105.6,4.471,34.311
733,-39.845533333333336,89.079075,2025-04-01 18:44:30,77,2903768,1107.7,4.455,34.311
734,-39.845533333333336,89.079075,2025-04-01 18:44:30,77,2903768,1109.4,4.447,34.31
735,-39.845533333333336,89.079075,2025-04-01 18:44:30,77,2903768,1111.5,4.419,34.313
736,-39.845533333333336,89.079075,2025-04-01 18:44:30,77,2903768,1113.7,4.386,34.312
737,-39.845533333333336,89.079075,2025-04-01 18:44:30,77,2903768,1115.4,4.379,34.312
738,-39.845533333333336,89.079075,2025-04-01 18:44:30,77,2903768,1117.2,4.371,34.313
739,-39.845533333333336,89.079075,2025-04-01 18:44:30,77,2903768,1119.4,4.365,34.313
740,-39.845533333333336,89.079075,2025-04-01 18:44:30,77,2903768,1121.5,4.36,34.313
741,-39.845533333333336,89.079075,2025-04-01 18:44:30,77,2903768,1123.3,4.357,34.312
742,-39.845533333333336,89.079075,2025-04-01 18:44:30,77,2903768,1125.4,4.351,34.312
743,-39.845533333333336,89.079075,2025-04-01 18:44:30,77,2903768,1127.6,4.343,34.312
744,-39.845533333333336,89.079075,2025-04-01 18:44:30,77,2903768,1129.3,4.334,34.312
745,-39.845533333333336,89.079075,2025-04-01 18:44:30,77,2903768,1131.4,4.323,34.312
746,-39.845533333333336,89.079075,2025-04-01 18:44:30,77,2903768,1133.6,4.316,34.312
747,-39.845533333333336,89.079075,2025-04-01 18:44:30,77,2903768,1135.3,4.309,34.312
748,-39.845533333333336,89.079075,2025-04-01 18:44:30,77,2903768,1137.3,4.293,34.311
749,-39.845533333333336,89.079075,2025-04-01 18:44:30,77,2903768,1139.4,4.247,34.312
750,-39.845533333333336,89.079075,2025-04-01 18:44:30,77,2903768,1141.5,4.156,34.305
751,-39.845533333333336,89.079075,2025-04-01 18:44:30,77,2903768,1143.7,4.119,34.304
752,-39.845533333333336,89.079075,2025-04-01 18:44:30,77,2903768,1145.4,4.103,34.302
753,-39.845533333333336,89.079075,2025-04-01 18:44:30,77,2903768,1147.5,4.081,34.298
754,-39.845533333333336,89.079075,2025-04-01 18:44:30,77,2903768,1149.6,4.047,34.3
755,-39.845533333333336,89.079075,2025-04-01 18:44:30,77,2903768,1151.3,4.031,34.3
756,-39.845533333333336,89.079075,2025-04-01 18:44:30,77,2903768,1153.5,4.026,34.3
757,-39.845533333333336,89.079075,2025-04-01 18:44:30,77,2903768,1155.6,4.017,34.3
758,-39.845533333333336,89.079075,2025-04-01 18:44:30,77,2903768,1157.4,3.994,34.301
759,-39.845533333333336,89.079075,2025-04-01 18:44:30,77,2903768,1159.5,3.988,34.3
760,-39.845533333333336,89.079075,2025-04-01 18:44:30,77,2903768,1161.7,3.986,34.301
761,-39.845533333333336,89.079075,2025-04-01 18:44:30,77,2903768,1163.4,3.974,34.302
762,-39.845533333333336,89.079075,2025-04-01 18:44:30,77,2903768,1165.2,3.963,34.301
763,-39.845533333333336,89.079075,2025-04-01 18:44:30,77,2903768,1167.3,3.951,34.301
764,-39.845533333333336,89.079075,2025-04-01 18:44:30,77,2903768,1169.5,3.939,34.303
765,-39.845533333333336,89.079075,2025-04-01 18:44:30,77,2903768,1171.3,3.917,34.303
766,-39.845533333333336,89.079075,2025-04-01 18:44:30,77,2903768,1173.5,3.898,34.304
767,-39.845533333333336,89.079075,2025-04-01 18:44:30,77,2903768,1175.7,3.889,34.308
768,-39.845533333333336,89.079075,2025-04-01 18:44:30,77,2903768,1177.4,3.889,34.308
769,-39.845533333333336,89.079075,2025-04-01 18:44:30,77,2903768,1179.2,3.882,34.31
770,-39.845533333333336,89.079075,2025-04-01 18:44:30,77,2903768,1181.5,3.872,34.314
771,-39.845533333333336,89.079075,2025-04-01 18:44:30,77,2903768,1183.7,3.872,34.315
772,-39.845533333333336,89.079075,2025-04-01 18:44:30,77,2903768,1185.5,3.87,34.315
773,-39.845533333333336,89.079075,2025-04-01 18:44:30,77,2903768,1187.4,3.862,34.317
774,-39.845533333333336,89.079075,2025-04-01 18:44:30,77,2903768,1189.3,3.857,34.317
775,-39.845533333333336,89.079075,2025-04-01 18:44:30,77,2903768,1191.2,3.857,34.318
776,-39.845533333333336,89.079075,2025-04-01 18:44:30,77,2903768,1193.1,3.878,34.325
777,-39.845533333333336,89.079075,2025-04-01 18:44:30,77,2903768,1195.0,3.889,34.327
778,-39.845533333333336,89.079075,2025-04-01 18:44:30,77,2903768,1197.4,3.886,34.328
779,-39.845533333333336,89.079075,2025-04-01 18:44:30,77,2903768,1199.8,3.881,34.329
780,-39.845533333333336,89.079075,2025-04-01 18:44:30,77,2903768,1201.7,3.869,34.329
781,-39.845533333333336,89.079075,2025-04-01 18:44:30,77,2903768,1203.6,3.866,34.331
782,-39.845533333333336,89.079075,2025-04-01 18:44:30,77,2903768,1205.5,3.868,34.332
783,-39.845533333333336,89.079075,2025-04-01 18:44:30,77,2903768,1207.4,3.862,34.332
784,-39.845533333333336,89.079075,2025-04-01 18:44:30,77,2903768,1209.3,3.86,34.335
785,-39.845533333333336,89.079075,2025-04-01 18:44:30,77,2903768,1211.3,3.86,34.336
786,-39.845533333333336,89.079075,2025-04-01 18:44:30,77,2903768,1213.2,3.864,34.338
787,-39.845533333333336,89.079075,2025-04-01 18:44:30,77,2903768,1215.2,3.854,34.338
788,-39.845533333333336,89.079075,2025-04-01 18:44:30,77,2903768,1217.1,3.844,34.34
789,-39.845533333333336,89.079075,2025-04-01 18:44:30,77,2903768,1219.1,3.837,34.342
790,-39.845533333333336,89.079075,2025-04-01 18:44:30,77,2903768,1221.1,3.834,34.344
791,-39.845533333333336,89.079075,2025-04-01 18:44:30,77,2903768,1223.1,3.829,34.345
792,-39.845533333333336,89.079075,2025-04-01 18:44:30,77,2903768,1225.1,3.813,34.346
793,-39.845533333333336,89.079075,2025-04-01 18:44:30,77,2903768,1227.1,3.795,34.347
794,-39.845533333333336,89.079075,2025-04-01 18:44:30,77,2903768,1229.2,3.792,34.347
795,-39.845533333333336,89.079075,2025-04-01 18:44:30,77,2903768,1231.2,3.789,34.348
796,-39.845533333333336,89.079075,2025-04-01 18:44:30,77,2903768,1233.5,3.779,34.349
797,-39.845533333333336,89.079075,2025-04-01 18:44:30,77,2903768,1235.6,3.766,34.35
798,-39.845533333333336,89.079075,2025-04-01 18:44:30,77,2903768,1237.5,3.756,34.35
799,-39.845533333333336,89.079075,2025-04-01 18:44:30,77,2903768,1239.5,3.738,34.352
800,-39.845533333333336,89.079075,2025-04-01 18:44:30,77,2903768,1241.5,3.731,34.354
801,-39.845533333333336,89.079075,2025-04-01 18:44:30,77,2903768,1243.6,3.725,34.356
802,-39.845533333333336,89.079075,2025-04-01 18:44:30,77,2903768,1245.2,3.71,34.357
803,-39.845533333333336,89.079075,2025-04-01 18:44:30,77,2903768,1247.3,3.693,34.359
804,-39.845533333333336,89.079075,2025-04-01 18:44:30,77,2903768,1249.3,3.682,34.36
805,-39.845533333333336,89.079075,2025-04-01 18:44:30,77,2903768,1251.4,3.68,34.362
806,-39.845533333333336,89.079075,2025-04-01 18:44:30,77,2903768,1253.4,3.676,34.365
807,-39.845533333333336,89.079075,2025-04-01 18:44:30,77,2903768,1255.5,3.665,34.366
808,-39.845533333333336,89.079075,2025-04-01 18:44:30,77,2903768,1257.6,3.66,34.367
809,-39.845533333333336,89.079075,2025-04-01 18:44:30,77,2903768,1259.2,3.656,34.368
810,-39.845533333333336,89.079075,2025-04-01 18:44:30,77,2903768,1261.3,3.649,34.37
811,-39.845533333333336,89.079075,2025-04-01 18:44:30,77,2903768,1263.4,3.645,34.371
812,-39.845533333333336,89.079075,2025-04-01 18:44:30,77,2903768,1265.5,3.645,34.371
813,-39.845533333333336,89.079075,2025-04-01 18:44:30,77,2903768,1267.7,3.645,34.371
814,-39.845533333333336,89.079075,2025-04-01 18:44:30,77,2903768,1269.3,3.645,34.372
815,-39.845533333333336,89.079075,2025-04-01 18:44:30,77,2903768,1271.5,3.649,34.376
816,-39.845533333333336,89.079075,2025-04-01 18:44:30,77,2903768,1273.6,3.648,34.378
817,-39.845533333333336,89.079075,2025-04-01 18:44:30,77,2903768,1275.3,3.651,34.382
818,-39.845533333333336,89.079075,2025-04-01 18:44:30,77,2903768,1277.4,3.648,34.383
819,-39.845533333333336,89.079075,2025-04-01 18:44:30,77,2903768,1279.5,3.65,34.385
820,-39.845533333333336,89.079075,2025-04-01 18:44:30,77,2903768,1281.2,3.65,34.385
821,-39.845533333333336,89.079075,2025-04-01 18:44:30,77,2903768,1283.4,3.653,34.384
822,-39.845533333333336,89.079075,2025-04-01 18:44:30,77,2903768,1285.6,3.658,34.387
823,-39.845533333333336,89.079075,2025-04-01 18:44:30,77,2903768,1287.3,3.66,34.388
824,-39.845533333333336,89.079075,2025-04-01 18:44:30,77,2903768,1289.4,3.653,34.389
825,-39.845533333333336,89.079075,2025-04-01 18:44:30,77,2903768,1291.5,3.645,34.39
826,-39.845533333333336,89.079075,2025-04-01 18:44:30,77,2903768,1293.2,3.638,34.391
827,-39.845533333333336,89.079075,2025-04-01 18:44:30,77,2903768,1295.5,3.632,34.391
828,-39.845533333333336,89.079075,2025-04-01 18:44:30,77,2903768,1297.7,3.628,34.392
829,-39.845533333333336,89.079075,2025-04-01 18:44:30,77,2903768,1299.4,3.623,34.392
830,-39.845533333333336,89.079075,2025-04-01 18:44:30,77,2903768,1301.3,3.612,34.394
831,-39.845533333333336,89.079075,2025-04-01 18:44:30,77,2903768,1303.1,3.61,34.394
832,-39.845533333333336,89.079075,2025-04-01 18:44:30,77,2903768,1305.4,3.596,34.395
833,-39.845533333333336,89.079075,2025-04-01 18:44:30,77,2903768,1307.6,3.578,34.399
834,-39.845533333333336,89.079075,2025-04-01 18:44:30,77,2903768,1309.5,3.569,34.399
835,-39.845533333333336,89.079075,2025-04-01 18:44:30,77,2903768,1311.4,3.563,34.399
836,-39.845533333333336,89.079075,2025-04-01 18:44:30,77,2903768,1313.3,3.556,34.401
837,-39.845533333333336,89.079075,2025-04-01 18:44:30,77,2903768,1315.2,3.548,34.403
838,-39.845533333333336,89.079075,2025-04-01 18:44:30,77,2903768,1317.1,3.545,34.405
839,-39.845533333333336,89.079075,2025-04-01 18:44:30,77,2903768,1319.0,3.542,34.405
840,-39.845533333333336,89.079075,2025-04-01 18:44:30,77,2903768,1321.4,3.526,34.406
841,-39.845533333333336,89.079075,2025-04-01 18:44:30,77,2903768,1323.8,3.508,34.406
842,-39.845533333333336,89.079075,2025-04-01 18:44:30,77,2903768,1325.7,3.503,34.407
843,-39.845533333333336,89.079075,2025-04-01 18:44:30,77,2903768,1327.7,3.5,34.407
844,-39.845533333333336,89.079075,2025-04-01 18:44:30,77,2903768,1329.6,3.496,34.408
845,-39.845533333333336,89.079075,2025-04-01 18:44:30,77,2903768,1331.6,3.495,34.408
846,-39.845533333333336,89.079075,2025-04-01 18:44:30,77,2903768,1333.6,3.495,34.408
847,-39.845533333333336,89.079075,2025-04-01 18:44:30,77,2903768,1335.7,3.494,34.408
848,-39.845533333333336,89.079075,2025-04-01 18:44:30,77,2903768,1337.7,3.478,34.412
849,-39.845533333333336,89.079075,2025-04-01 18:44:30,77,2903768,1339.7,3.473,34.411
850,-39.845533333333336,89.079075,2025-04-01 18:44:30,77,2903768,1341.8,3.474,34.412
851,-39.845533333333336,89.079075,2025-04-01 18:44:30,77,2903768,1343.8,3.474,34.412
852,-39.845533333333336,89.079075,2025-04-01 18:44:30,77,2903768,1345.9,3.474,34.412
853,-39.845533333333336,89.079075,2025-04-01 18:44:30,77,2903768,1347.5,3.474,34.412
854,-39.845533333333336,89.079075,2025-04-01 18:44:30,77,2903768,1349.0,3.474,34.412
855,-39.845533333333336,89.079075,2025-04-01 18:44:30,77,2903768,1351.1,3.473,34.412
856,-39.845533333333336,89.079075,2025-04-01 18:44:30,77,2903768,1353.2,3.472,34.413
857,-39.845533333333336,89.079075,2025-04-01 18:44:30,77,2903768,1355.2,3.471,34.413
858,-39.845533333333336,89.079075,2025-04-01 18:44:30,77,2903768,1357.3,3.467,34.414
859,-39.845533333333336,89.079075,2025-04-01 18:44:30,77,2903768,1359.3,3.451,34.42
860,-39.845533333333336,89.079075,2025-04-01 18:44:30,77,2903768,1361.4,3.452,34.42
861,-39.845533333333336,89.079075,2025-04-01 18:44:30,77,2903768,1363.3,3.452,34.42
862,-39.845533333333336,89.079075,2025-04-01 18:44:30,77,2903768,1365.3,3.451,34.42
863,-39.845533333333336,89.079075,2025-04-01 18:44:30,77,2903768,1367.3,3.45,34.42
864,-39.845533333333336,89.079075,2025-04-01 18:44:30,77,2903768,1369.3,3.446,34.42
865,-39.845533333333336,89.079075,2025-04-01 18:44:30,77,2903768,1371.4,3.433,34.422
866,-39.845533333333336,89.079075,2025-04-01 18:44:30,77,2903768,1373.4,3.427,34.424
867,-39.845533333333336,89.079075,2025-04-01 18:44:30,77,2903768,1375.5,3.425,34.424
868,-39.845533333333336,89.079075,2025-04-01 18:44:30,77,2903768,1377.5,3.422,34.425
869,-39.845533333333336,89.079075,2025-04-01 18:44:30,77,2903768,1379.5,3.414,34.427
870,-39.845533333333336,89.079075,2025-04-01 18:44:30,77,2903768,1381.2,3.41,34.427
871,-39.845533333333336,89.079075,2025-04-01 18:44:30,77,2903768,1383.3,3.409,34.427
872,-39.845533333333336,89.079075,2025-04-01 18:44:30,77,2903768,1385.3,3.407,34.428
873,-39.845533333333336,89.079075,2025-04-01 18:44:30,77,2903768,1387.4,3.406,34.429
874,-39.845533333333336,89.079075,2025-04-01 18:44:30,77,2903768,1389.5,3.405,34.43
875,-39.845533333333336,89.079075,2025-04-01 18:44:30,77,2903768,1391.2,3.404,34.433
876,-39.845533333333336,89.079075,2025-04-01 18:44:30,77,2903768,1393.4,3.399,34.436
877,-39.845533333333336,89.079075,2025-04-01 18:44:30,77,2903768,1395.5,3.389,34.438
878,-39.845533333333336,89.079075,2025-04-01 18:44:30,77,2903768,1397.3,3.388,34.44
879,-39.845533333333336,89.079075,2025-04-01 18:44:30,77,2903768,1399.4,3.384,34.442
880,-39.845533333333336,89.079075,2025-04-01 18:44:30,77,2903768,1402.9,3.371,34.444
881,-39.845533333333336,89.079075,2025-04-01 18:44:30,77,2903768,1407.8,3.361,34.446
882,-39.845533333333336,89.079075,2025-04-01 18:44:30,77,2903768,1413.0,3.353,34.447
883,-39.845533333333336,89.079075,2025-04-01 18:44:30,77,2903768,1417.9,3.334,34.451
884,-39.845533333333336,89.079075,2025-04-01 18:44:30,77,2903768,1422.7,3.325,34.452
885,-39.845533333333336,89.079075,2025-04-01 18:44:30,77,2903768,1428.1,3.315,34.455
886,-39.845533333333336,89.079075,2025-04-01 18:44:30,77,2903768,1433.1,3.309,34.456
887,-39.845533333333336,89.079075,2025-04-01 18:44:30,77,2903768,1438.1,3.306,34.457
888,-39.845533333333336,89.079075,2025-04-01 18:44:30,77,2903768,1443.1,3.3,34.458
889,-39.845533333333336,89.079075,2025-04-01 18:44:30,77,2903768,1448.0,3.287,34.458
890,-39.845533333333336,89.079075,2025-04-01 18:44:30,77,2903768,1453.0,3.262,34.459
891,-39.845533333333336,89.079075,2025-04-01 18:44:30,77,2903768,1457.9,3.247,34.459
892,-39.845533333333336,89.079075,2025-04-01 18:44:30,77,2903768,1463.0,3.241,34.46
893,-39.845533333333336,89.079075,2025-04-01 18:44:30,77,2903768,1467.9,3.238,34.46
894,-39.845533333333336,89.079075,2025-04-01 18:44:30,77,2903768,1472.8,3.226,34.462
895,-39.845533333333336,89.079075,2025-04-01 18:44:30,77,2903768,1477.9,3.197,34.467
896,-39.845533333333336,89.079075,2025-04-01 18:44:30,77,2903768,1482.9,3.175,34.471
897,-39.845533333333336,89.079075,2025-04-01 18:44:30,77,2903768,1487.9,3.159,34.475
898,-39.845533333333336,89.079075,2025-04-01 18:44:30,77,2903768,1492.9,3.151,34.476
899,-39.845533333333336,89.079075,2025-04-01 18:44:30,77,2903768,1497.8,3.138,34.48
900,-39.845533333333336,89.079075,2025-04-01 18:44:30,77,2903768,1502.9,3.127,34.482
901,-39.845533333333336,89.079075,2025-04-01 18:44:30,77,2903768,1507.6,3.116,34.486
902,-39.845533333333336,89.079075,2025-04-01 18:44:30,77,2903768,1512.8,3.112,34.487
903,-39.845533333333336,89.079075,2025-04-01 18:44:30,77,2903768,1518.0,3.103,34.49
904,-39.845533333333336,89.079075,2025-04-01 18:44:30,77,2903768,1522.7,3.096,34.492
905,-39.845533333333336,89.079075,2025-04-01 18:44:30,77,2903768,1527.9,3.088,34.494
906,-39.845533333333336,89.079075,2025-04-01 18:44:30,77,2903768,1533.2,3.084,34.495
907,-39.845533333333336,89.079075,2025-04-01 18:44:30,77,2903768,1538.1,3.069,34.497
908,-39.845533333333336,89.079075,2025-04-01 18:44:30,77,2903768,1543.1,3.057,34.5
909,-39.845533333333336,89.079075,2025-04-01 18:44:30,77,2903768,1548.0,3.046,34.503
910,-39.845533333333336,89.079075,2025-04-01 18:44:30,77,2903768,1552.9,3.038,34.505
911,-39.845533333333336,89.079075,2025-04-01 18:44:30,77,2903768,1558.0,3.035,34.508
912,-39.845533333333336,89.079075,2025-04-01 18:44:30,77,2903768,1562.8,3.029,34.51
913,-39.845533333333336,89.079075,2025-04-01 18:44:30,77,2903768,1567.7,3.021,34.513
914,-39.845533333333336,89.079075,2025-04-01 18:44:30,77,2903768,1572.8,3.016,34.515
915,-39.845533333333336,89.079075,2025-04-01 18:44:30,77,2903768,1577.9,3.009,34.517
916,-39.845533333333336,89.079075,2025-04-01 18:44:30,77,2903768,1582.8,3.001,34.519
917,-39.845533333333336,89.079075,2025-04-01 18:44:30,77,2903768,1587.7,2.994,34.522
918,-39.845533333333336,89.079075,2025-04-01 18:44:30,77,2903768,1592.8,2.987,34.524
919,-39.845533333333336,89.079075,2025-04-01 18:44:30,77,2903768,1597.8,2.98,34.526
920,-39.845533333333336,89.079075,2025-04-01 18:44:30,77,2903768,1602.8,2.971,34.529
921,-39.845533333333336,89.079075,2025-04-01 18:44:30,77,2903768,1607.9,2.961,34.532
922,-39.845533333333336,89.079075,2025-04-01 18:44:30,77,2903768,1613.1,2.954,34.534
923,-39.845533333333336,89.079075,2025-04-01 18:44:30,77,2903768,1617.8,2.951,34.535
924,-39.845533333333336,89.079075,2025-04-01 18:44:30,77,2903768,1622.6,2.948,34.536
925,-39.845533333333336,89.079075,2025-04-01 18:44:30,77,2903768,1627.8,2.943,34.538
926,-39.845533333333336,89.079075,2025-04-01 18:44:30,77,2903768,1633.0,2.933,34.54
927,-39.845533333333336,89.079075,2025-04-01 18:44:30,77,2903768,1637.7,2.927,34.542
928,-39.845533333333336,89.079075,2025-04-01 18:44:30,77,2903768,1642.8,2.915,34.546
929,-39.845533333333336,89.079075,2025-04-01 18:44:30,77,2903768,1647.9,2.91,34.548
930,-39.845533333333336,89.079075,2025-04-01 18:44:30,77,2903768,1653.0,2.904,34.55
931,-39.845533333333336,89.079075,2025-04-01 18:44:30,77,2903768,1658.1,2.898,34.551
932,-39.845533333333336,89.079075,2025-04-01 18:44:30,77,2903768,1662.7,2.89,34.554
933,-39.845533333333336,89.079075,2025-04-01 18:44:30,77,2903768,1667.7,2.882,34.555
934,-39.845533333333336,89.079075,2025-04-01 18:44:30,77,2903768,1672.8,2.876,34.557
935,-39.845533333333336,89.079075,2025-04-01 18:44:30,77,2903768,1677.8,2.87,34.559
936,-39.845533333333336,89.079075,2025-04-01 18:44:30,77,2903768,1683.1,2.865,34.561
937,-39.845533333333336,89.079075,2025-04-01 18:44:30,77,2903768,1688.0,2.859,34.564
938,-39.845533333333336,89.079075,2025-04-01 18:44:30,77,2903768,1692.9,2.854,34.566
939,-39.845533333333336,89.079075,2025-04-01 18:44:30,77,2903768,1698.1,2.846,34.568
940,-39.845533333333336,89.079075,2025-04-01 18:44:30,77,2903768,1702.9,2.838,34.571
941,-39.845533333333336,89.079075,2025-04-01 18:44:30,77,2903768,1707.6,2.829,34.573
942,-39.845533333333336,89.079075,2025-04-01 18:44:30,77,2903768,1712.8,2.824,34.576
943,-39.845533333333336,89.079075,2025-04-01 18:44:30,77,2903768,1717.9,2.819,34.577
944,-39.845533333333336,89.079075,2025-04-01 18:44:30,77,2903768,1723.0,2.812,34.58
945,-39.845533333333336,89.079075,2025-04-01 18:44:30,77,2903768,1728.1,2.802,34.584
946,-39.845533333333336,89.079075,2025-04-01 18:44:30,77,2903768,1733.2,2.797,34.585
947,-39.845533333333336,89.079075,2025-04-01 18:44:30,77,2903768,1738.0,2.788,34.589
948,-39.845533333333336,89.079075,2025-04-01 18:44:30,77,2903768,1742.9,2.783,34.591
949,-39.845533333333336,89.079075,2025-04-01 18:44:30,77,2903768,1748.1,2.78,34.592
950,-39.845533333333336,89.079075,2025-04-01 18:44:30,77,2903768,1753.0,2.773,34.594
951,-39.845533333333336,89.079075,2025-04-01 18:44:30,77,2903768,1757.9,2.765,34.597
952,-39.845533333333336,89.079075,2025-04-01 18:44:30,77,2903768,1762.8,2.758,34.6
953,-39.845533333333336,89.079075,2025-04-01 18:44:30,77,2903768,1767.7,2.752,34.602
954,-39.845533333333336,89.079075,2025-04-01 18:44:30,77,2903768,1772.7,2.749,34.603
955,-39.845533333333336,89.079075,2025-04-01 18:44:30,77,2903768,1777.9,2.743,34.605
956,-39.845533333333336,89.079075,2025-04-01 18:44:30,77,2903768,1783.2,2.734,34.609
957,-39.845533333333336,89.079075,2025-04-01 18:44:30,77,2903768,1788.0,2.727,34.612
958,-39.845533333333336,89.079075,2025-04-01 18:44:30,77,2903768,1793.1,2.719,34.615
959,-39.845533333333336,89.079075,2025-04-01 18:44:30,77,2903768,1797.9,2.717,34.616
960,-39.845533333333336,89.079075,2025-04-01 18:44:30,77,2903768,1802.7,2.71,34.619
961,-39.845533333333336,89.079075,2025-04-01 18:44:30,77,2903768,1807.6,2.706,34.621
962,-39.845533333333336,89.079075,2025-04-01 18:44:30,77,2903768,1812.6,2.7,34.624
963,-39.845533333333336,89.079075,2025-04-01 18:44:30,77,2903768,1817.8,2.692,34.627
964,-39.845533333333336,89.079075,2025-04-01 18:44:30,77,2903768,1823.1,2.686,34.629
965,-39.845533333333336,89.079075,2025-04-01 18:44:30,77,2903768,1828.1,2.684,34.63
966,-39.845533333333336,89.079075,2025-04-01 18:44:30,77,2903768,1833.0,2.682,34.631
967,-39.845533333333336,89.079075,2025-04-01 18:44:30,77,2903768,1838.1,2.68,34.632
968,-39.845533333333336,89.079075,2025-04-01 18:44:30,77,2903768,1842.8,2.679,34.632
969,-39.845533333333336,89.079075,2025-04-01 18:44:30,77,2903768,1847.5,2.677,34.633
970,-39.845533333333336,89.079075,2025-04-01 18:44:30,77,2903768,1852.8,2.676,34.634
971,-39.845533333333336,89.079075,2025-04-01 18:44:30,77,2903768,1858.3,2.671,34.635
972,-39.845533333333336,89.079075,2025-04-01 18:44:30,77,2903768,1863.2,2.666,34.638
973,-39.845533333333336,89.079075,2025-04-01 18:44:30,77,2903768,1868.1,2.662,34.639
974,-39.845533333333336,89.079075,2025-04-01 18:44:30,77,2903768,1873.0,2.657,34.641
975,-39.845533333333336,89.079075,2025-04-01 18:44:30,77,2903768,1878.0,2.649,34.644
976,-39.845533333333336,89.079075,2025-04-01 18:44:30,77,2903768,1883.0,2.647,34.645
977,-39.845533333333336,89.079075,2025-04-01 18:44:30,77,2903768,1888.0,2.642,34.647
978,-39.845533333333336,89.079075,2025-04-01 18:44:30,77,2903768,1893.1,2.639,34.648
979,-39.845533333333336,89.079075,2025-04-01 18:44:30,77,2903768,1898.1,2.634,34.65
980,-39.845533333333336,89.079075,2025-04-01 18:44:30,77,2903768,1903.2,2.63,34.651
981,-39.845533333333336,89.079075,2025-04-01 18:44:30,77,2903768,1907.8,2.625,34.653
982,-39.845533333333336,89.079075,2025-04-01 18:44:30,77,2903768,1912.5,2.622,34.654
983,-39.845533333333336,89.079075,2025-04-01 18:44:30,77,2903768,1917.6,2.618,34.656
984,-39.845533333333336,89.079075,2025-04-01 18:44:30,77,2903768,1922.7,2.614,34.658
985,-39.845533333333336,89.079075,2025-04-01 18:44:30,77,2903768,1928.2,2.612,34.659
986,-39.845533333333336,89.079075,2025-04-01 18:44:30,77,2903768,1933.2,2.611,34.66
987,-39.845533333333336,89.079075,2025-04-01 18:44:30,77,2903768,1938.0,2.605,34.662
988,-39.845533333333336,89.079075,2025-04-01 18:44:30,77,2903768,1942.8,2.598,34.664
989,-39.845533333333336,89.079075,2025-04-01 18:44:30,77,2903768,1947.7,2.593,34.666
990,-39.845533333333336,89.079075,2025-04-01 18:44:30,77,2903768,1952.6,2.591,34.666
991,-39.845533333333336,89.079075,2025-04-01 18:44:30,77,2903768,1957.7,2.588,34.668
992,-39.845533333333336,89.079075,2025-04-01 18:44:30,77,2903768,1962.7,2.584,34.669
993,-39.845533333333336,89.079075,2025-04-01 18:44:30,77,2903768,1967.8,2.579,34.671
994,-39.845533333333336,89.079075,2025-04-01 18:44:30,77,2903768,1972.9,2.569,34.675
995,-39.845533333333336,89.079075,2025-04-01 18:44:30,77,2903768,1978.1,2.562,34.678
996,-39.845533333333336,89.079075,2025-04-01 18:44:30,77,2903768,1983.0,2.557,34.679
997,-39.845533333333336,89.079075,2025-04-01 18:44:30,77,2903768,1987.9,2.554,34.68
998,-39.845533333333336,89.079075,2025-04-01 18:44:30,77,2903768,1992.9,2.549,34.682
999,-39.845533333333336,89.079075,2025-04-01 18:44:30,77,2903768,1998.0,2.544,34.683
1000,-39.845533333333336,89.079075,2025-04-01 18:44:30,77,2903768,2003.1,2.539,34.685
1001,-39.845533333333336,89.079075,2025-04-01 18:44:30,77,2903768,2008.1,2.534,34.686
1002,-39.845533333333336,89.079075,2025-04-01 18:44:30,77,2903768,2013.1,2.531,34.687
1003,-39.845533333333336,89.079075,2025-04-01 18:44:30,77,2903768,2016.3,2.53,34.688
